sample_no,analysis_index,source_frame_1based,time_sec,avi_local_x_px,avi_local_y_px,reconstructed_x,reconstructed_y,initial_x,initial_y,stage_avi_fit_x,stage_avi_error_x,stage_avi_fit_y,stage_avi_error_y,initial_avi_fit_x,initial_avi_error_x,initial_avi_fit_y,initial_avi_error_y
10,0,1,0.0,84.38636363636364,78.04545454545455,3.101508305645024,3.010840281425385,3.101508305645024,3.010840281425385,3.1006744413869143,0.0008338642581096067,2.965109082263673,0.04573119916171198,3.1006744413869143,0.0008338642581096067,2.965109082263673,0.04573119916171198
10,233,234,1.166996,59.395348837209305,58.46511627906977,2.6082081793648886,2.6200672178247655,2.6082081793648886,2.6200672178247655,2.5853682574730716,0.02283992189181694,2.5522001703566337,0.06786704746813177,2.5853682574730716,0.02283992189181694,2.5522001703566337,0.06786704746813177
10,466,467,2.333992,71.69318181818181,87.57954545454545,2.850454975848209,3.1981327809311946,2.850454975848209,3.1981327809311946,2.8389453704780694,0.011509605370139564,3.166163377125065,0.03196940380612956,2.8389453704780694,0.011509605370139564,3.166163377125065,0.03196940380612956
10,699,700,3.500988,57.473684210526315,79.39473684210526,2.5635930385012653,3.043315151516511,2.5635930385012653,3.043315151516511,2.545744189643232,0.017848848858033506,2.9935626604085384,0.04975249110797275,2.545744189643232,0.017848848858033506,2.9935626604085384,0.04975249110797275
10,933,934,4.672992,79.29761904761905,89.48809523809524,2.9934717875732644,3.251930934770939,2.9934717875732644,3.251930934770939,2.9957462671605946,-0.0022744795873301804,3.206410752003102,0.04552018276783709,2.9957462671605946,-0.0022744795873301804,3.2064107520031015,0.045520182767837536
10,1166,1167,5.839988,58.61363636363637,84.1590909090909,2.5788365681454994,3.1339291956987223,2.5788365681454994,3.1339291956987223,2.5692496134359217,0.00958695470957771,3.0940330520317647,0.039896143666957595,2.5692496134359217,0.00958695470957771,3.0940330520317643,0.03989614366695804
10,1399,1400,7.006984,65.07,70.43,2.6941509459810047,2.856403830136501,2.6941509459810047,2.856403830136501,2.702377625009394,-0.008226679028389139,2.8045148674313607,0.05188896270514043,2.702377625009394,-0.008226679028389139,2.8045148674313602,0.05188896270514087
10,1633,1634,8.178988,70.23913043478261,85.8913043478261,2.793306634750521,3.1673186940179905,2.793306634750521,3.1673186940179905,2.8089633279073354,-0.015656693156814505,3.130561857430741,0.03675683658724971,2.8089633279073354,-0.015656693156814505,3.130561857430741,0.03675683658724971
10,1866,1867,9.345984,68.62637362637362,59.032967032967036,2.7656923851996194,2.6250281221173797,2.7656923851996194,2.6250281221173797,2.7757088337140696,-0.010016448514450271,2.5641749704712904,0.06085315164608929,2.7757088337140696,-0.010016448514450271,2.56417497047129,0.06085315164608973
10,2099,2100,10.51298,52.4,76.175,2.4567177386596493,2.9531702151777925,2.4567177386596493,2.9531702151777925,2.441126555268548,0.015591183391101104,2.92566505731232,0.027505157865472363,2.441126555268548,0.015591183391101104,2.9256650573123197,0.027505157865472807
10,2333,2334,11.684984,66.91489361702128,56.0,2.717132848434939,2.5540521772801013,2.717132848434939,2.5540521772801013,2.740418700858239,-0.023285852423299946,2.500215957077618,0.053836220202483354,2.740418700858239,-0.023285852423299946,2.5002159570776175,0.0538362202024838
10,2566,2567,12.85198,83.96551724137932,56.14942528735632,3.0239838162167723,2.5733438091299687,3.0239838162167723,2.5733438091299687,3.0919967325561144,-0.06801291633934214,2.503367027910731,0.06997678121923778,3.0919967325561144,-0.06801291633934214,2.5033670279107305,0.06997678121923823
10,2799,2800,14.018976,57.03947368421053,58.0921052631579,2.4996602944128945,2.630357780024185,2.4996602944128945,2.630357780024185,2.536790916991871,-0.0371306225789767,2.5443341380841513,0.08602364194003354,2.536790916991871,-0.0371306225789767,2.544334138084151,0.08602364194003398
10,3032,3033,15.185972,56.8936170212766,61.297872340425535,2.5533450092448082,2.67451754689785,2.5533450092448082,2.67451754689785,2.533783402451988,0.019561606792820374,2.6119371476794697,0.06258039921838021,2.533783402451988,0.019561606792820374,2.6119371476794693,0.06258039921838066
10,3266,3267,16.357976,85.45360824742268,70.64948453608247,3.138050911769324,2.8649385696097553,3.138050911769324,2.8649385696097553,3.1226806605119597,0.015370251257364131,2.809143343188075,0.05579522642168033,3.1226806605119597,0.015370251257364131,2.809143343188075,0.05579522642168033
10,3499,3500,17.524972,53.68131868131868,76.64835164835165,2.4921453595550824,2.9821225088942054,2.4921453595550824,2.9821225088942054,2.4675469085576904,0.024598450997391996,2.935647066377293,0.04647544251691249,2.4675469085576904,0.024598450997391996,2.9356470663772924,0.046475442516912935
10,3732,3733,18.691968,72.63265306122449,58.61224489795919,2.869383019660525,2.6177519659032042,2.869383019660525,2.6177519659032042,2.8583169464240568,0.011066073236468021,2.555302809193079,0.0624491567101253,2.8583169464240568,0.011066073236468021,2.5553028091930785,0.06244915671012574
10,3966,3967,19.863973,58.375,84.7159090909091,2.585530986753615,3.13568742587512,2.585530986753615,3.13568742587512,2.564329013177116,0.021201973576499,3.1057751979771857,0.02991222789793424,2.564329013177116,0.021201973576499,3.1057751979771857,0.02991222789793424
10,4199,4200,21.030968,79.42222222222222,57.28888888888889,3.0128024069581576,2.5832923764496556,3.0128024069581576,2.5832923764496556,2.998315542034958,0.014486864923199505,2.52739596293042,0.055896413519235466,2.998315542034958,0.014486864923199505,2.5273959629304197,0.05589641351923591
10,4432,4433,22.197964,76.61224489795919,86.46938775510205,2.9463594473124153,3.1650365585097253,2.9463594473124153,3.1650365585097253,2.9403747699819798,0.005984677330435506,3.142752443080613,0.02228411542911246,2.9403747699819798,0.005984677330435506,3.142752443080613,0.02228411542911246
10,4666,4667,23.369969,86.05376344086021,82.75268817204301,3.126723955264313,3.0909840056417424,3.126723955264313,3.0909840056417424,3.1350556554840256,-0.008331700219712523,3.0643749217197622,0.026609083921980137,3.1350556554840256,-0.008331700219712523,3.064374921719762,0.02660908392198058
10,4899,4900,24.536965,51.70192307692308,73.6826923076923,2.4354738977676655,2.9094028805885954,2.4354738977676655,2.9094028805885954,2.426732447698284,0.008741450069381429,2.8731074332627373,0.0362954473258581,2.426732447698284,0.008741450069381429,2.873107433262737,0.03629544732585854
10,5132,5133,25.70396,85.98969072164948,63.04123711340206,3.1318038412853637,2.6992912770338746,3.1318038412853637,2.6992912770338746,3.1337344979122017,-0.001930656626838001,2.6487011116965076,0.05059016533736704,3.1337344979122017,-0.001930656626838001,2.648701111696507,0.05059016533736749
10,5365,5366,26.870956,53.43,76.81,2.4687586417852647,2.967589336803834,2.4687586417852647,2.967589336803834,2.4623648032427443,0.0063938385425204025,2.939055896402731,0.02853344040110306,2.4623648032427443,0.0063938385425204025,2.9390558964027305,0.028533440401103505
10,5599,5600,28.042961,62.95918367346939,86.9795918367347,2.663856766924997,3.166222805693972,2.663856766924997,3.166222805693972,2.6588533137755688,0.005003453149428072,3.1535115938844136,0.012711211809558254,2.6588533137755688,0.005003453149428072,3.1535115938844136,0.012711211809558254
10,5832,5833,29.209957,87.10344827586206,77.65517241379311,3.145545752703973,2.970490546807567,3.145545752703973,2.970490546807567,3.1566997980282228,-0.011154045324249573,2.9568788378149478,0.01361170899261932,3.1566997980282228,-0.011154045324249573,2.9568788378149473,0.013611708992619764
10,6065,6066,30.376952,89.23255813953489,61.51162790697674,3.1852729275761744,2.6568341374751654,3.1852729275761744,2.6568341374751654,3.2006013157456903,-0.015328388169515872,2.6164448112957954,0.040389326179369966,3.2006013157456903,-0.015328388169515872,2.616444811295795,0.04038932617937041
10,6299,6300,31.548957,77.375,72.375,2.9661732824252125,2.813374341696215,2.9661732824252125,2.813374341696215,2.956102519497248,0.010070762927964605,2.8455309021256103,-0.03215656042939541,2.956102519497248,0.010070762927964605,2.8455309021256103,-0.03215656042939541
10,6532,6533,32.715953,53.766666666666666,65.36666666666666,2.4833065477336502,2.6405203054256283,2.4833065477336502,2.6405203054256283,2.4693067548459613,0.013999792887688933,2.6977396203009985,-0.05721931487537013,2.4693067548459613,0.013999792887688933,2.6977396203009985,-0.05721931487537013
10,6765,6766,33.882949,69.2183908045977,88.27586206896552,2.795705625131683,3.084377022447014,2.7957056251316827,3.084377022447014,2.7879160255937854,0.007789599537897818,3.180847257030071,-0.09647023458305704,2.7879160255937854,0.007789599537897374,3.180847257030071,-0.09647023458305704
10,6999,7000,35.054953,82.8936170212766,77.59574468085107,3.069310855302361,2.943897650468898,3.069310855302361,2.943897650468898,3.069894516363748,-0.0005836610613867421,2.9556256296112706,-0.011727979142372558,3.069894516363748,-0.0005836610613867421,2.9556256296112706,-0.011727979142372558
10,7232,7233,36.221949,83.32666666666667,68.31333333333333,3.070435044466696,2.756422425630734,3.070435044466696,2.756422425630734,3.078823852047177,-0.008388807580481217,2.7598787371299913,-0.003456311499257403,3.078823852047177,-0.008388807580481217,2.7598787371299913,-0.003456311499257403
10,7465,7466,37.388945,66.23404255319149,56.4468085106383,2.7402448504310115,2.4800602174445325,2.7402448504310115,2.4800602174445325,2.7263797846183238,0.01386506581268776,2.5096382261645207,-0.02957800871998817,2.7263797846183238,0.01386506581268776,2.5096382261645207,-0.02957800871998817
10,7699,7700,38.560949,66.41304347826087,57.58695652173913,2.740548315373033,2.4787510548459375,2.740548315373033,2.4787510548459375,2.730070722515639,0.010477592857394136,2.5336815939690926,-0.05493053912315515,2.730070722515639,0.010477592857394136,2.533681593969092,-0.05493053912315471
10,7932,7933,39.727945,66.52380952380952,57.785714285714285,2.730773454347215,2.483715920753165,2.730773454347215,2.4837159207531645,2.73235468051805,-0.001581226170834782,2.537872984890921,-0.054157064137756006,2.73235468051805,-0.001581226170834782,2.537872984890921,-0.05415706413775645
10,8165,8166,40.894941,71.29,55.11,2.8244083472806265,2.430929701616118,2.8244083472806265,2.430929701616118,2.830631899183669,-0.00622355190304269,2.4814476944154675,-0.05051799279934954,2.830631899183669,-0.00622355190304269,2.481447694415467,-0.0505179927993491
10,8398,8399,42.061937,68.54081632653062,54.98979591836735,2.7524136501772034,2.418456902932687,2.7524136501772034,2.418456902932687,2.77394467143245,-0.02153102125524642,2.478912838486092,-0.060455935553405116,2.77394467143245,-0.02153102125524642,2.4789128384860915,-0.06045593555340467
10,8632,8633,43.233941,63.947916666666664,57.84375,2.666295775455053,2.492761662819503,2.666295775455053,2.492761662819503,2.6792406501734263,-0.012944874718373356,2.5390968382948538,-0.04633517547535071,2.6792406501734263,-0.012944874718373356,2.5390968382948533,-0.046335175475350265
10,8865,8866,44.400937,74.75471698113208,51.056603773584904,2.8962402465227366,2.372662857761414,2.8962402465227366,2.372662857761414,2.902073179189196,-0.005832932666459456,2.3959699359310536,-0.023307078169639617,2.902073179189196,-0.005832932666459456,2.3959699359310536,-0.023307078169639617
10,9098,9099,45.567933,64.42682926829268,80.91463414634147,2.6866441371955654,2.964719342257494,2.6866441371955654,2.964719342257494,2.689115664339738,-0.002471527144172647,3.0256141568415718,-0.06089481458407775,2.689115664339738,-0.002471527144172647,3.0256141568415718,-0.06089481458407775
10,9332,9333,46.739937,69.57446808510639,84.44680851063829,2.785087498845544,3.0408115586228295,2.785087498845544,3.0408115586228295,2.7952582174204075,-0.010170718574863624,3.100100422277119,-0.059288863654289425,2.7952582174204075,-0.010170718574863624,3.100100422277119,-0.059288863654289425
10,9565,9566,47.906933,73.7,54.48,2.873114302571767,2.4457531545389557,2.873114302571767,2.4457531545389557,2.8803252755116437,-0.007210972939876825,2.4681622950029336,-0.022409140463977906,2.8803252755116437,-0.007210972939876825,2.4681622950029336,-0.022409140463977906
10,9798,9799,49.073929,55.6578947368421,56.3421052631579,2.507932163289422,2.485844715092564,2.507932163289422,2.485844715092564,2.508303231282997,-0.0003710679935751138,2.507430250827114,-0.02158553573455002,2.508303231282997,-0.0003710679935751138,2.5074302508271136,-0.021585535734549577
10,10032,10033,50.245933,57.51063829787234,81.2127659574468,2.543476738363661,2.979103977064849,2.543476738363661,2.979103977064849,2.5465061702944114,-0.003029431930750448,3.031901141267153,-0.05279716420230418,2.5465061702944114,-0.003029431930750448,3.031901141267153,-0.05279716420230418
10,10265,10266,51.412929,64.82291666666667,55.010416666666664,2.682103589397143,2.4496497843203113,2.682103589397143,2.4496497843203113,2.69728285112238,-0.01517926172523687,2.4793476874977456,-0.02969790317743426,2.69728285112238,-0.01517926172523687,2.479347687497745,-0.029697903177433815
10,10498,10499,52.579925,60.97142857142857,55.97142857142857,2.6113964001196415,2.4794856632540734,2.6113964001196415,2.4794856632540734,2.6178664829317655,-0.006470082812124023,2.4996134446326046,-0.020127781378531218,2.6178664829317655,-0.006470082812124023,2.4996134446326046,-0.020127781378531218
10,10731,10732,53.746921,59.648648648648646,77.8108108108108,2.5993709257500077,2.9529014498986212,2.5993709257500077,2.9529014498986212,2.5905912130140094,0.008779712735998313,2.960160930304323,-0.00725948040570179,2.5905912130140094,0.008779712735998313,2.9601609303043226,-0.007259480405701346
10,10965,10966,54.918925,88.97560975609755,68.04878048780488,3.185910147898986,2.757660843438503,3.185910147898986,2.757660843438503,3.195303127897136,-0.009392979998149809,2.7542998637671854,0.0033609796713176543,3.195303127897136,-0.009392979998149809,2.754299863767185,0.0033609796713180984
10,11198,11199,56.085921,76.32954545454545,81.39772727272727,2.932988861867944,3.024639779136951,2.932988861867944,3.024639779136951,2.9345456040777194,-0.001556742209775308,3.0358015935677383,-0.011161814430787231,2.9345456040777194,-0.001556742209775308,3.0358015935677383,-0.011161814430787231
10,11431,11432,62.768228,53.56730769230769,73.52884615384616,2.451430300238535,2.807887499347893,2.451430300238535,2.807887499347893,2.4651960409301186,-0.013765740691583428,2.869863135481899,-0.06197563613400625,2.4651960409301186,-0.013765740691583428,2.8698631354818986,-0.06197563613400581
10,11665,11666,63.940233,87.24137931034483,66.96551724137932,3.1320336562276636,2.6751193694405053,3.1320336562276636,2.6751193694405053,3.159543888818206,-0.027510232590542305,2.7314560782153103,-0.05633670877480501,3.159543888818206,-0.027510232590542305,2.7314560782153103,-0.05633670877480501
10,11898,11899,65.107229,50.73504273504273,67.22222222222223,2.40980823768683,2.6665197671083343,2.40980823768683,2.6665197671083343,2.4067957055019438,0.003012532184886396,2.7368694563132228,-0.07034968920488849,2.4067957055019438,0.003012532184886396,2.7368694563132223,-0.07034968920488804
10,12131,12132,66.274224,66.27450980392157,81.54901960784314,2.727698196819566,2.951732182475023,2.727698196819566,2.9517321824750233,2.7272142054977797,0.00048399132178644777,3.038992036583721,-0.08725985410869797,2.7272142054977797,0.00048399132178644777,3.038992036583721,-0.08725985410869752
10,12365,12366,67.446229,54.43269230769231,64.3173076923077,2.4939198965262372,2.610644000407972,2.4939198965262372,2.610644000407972,2.4830399759345783,0.010879920591658987,2.6756108058541965,-0.06496680544622446,2.4830399759345783,0.010879920591658987,2.6756108058541965,-0.06496680544622446
10,12598,12599,68.613225,66.23863636363636,83.19318181818181,2.7282282415105206,2.983797429214169,2.7282282415105206,2.983797429214169,2.726474507419659,0.0017537340908617693,3.0736640233509323,-0.08986659413676312,2.726474507419659,0.0017537340908617693,3.0736640233509323,-0.08986659413676312
10,12831,12832,69.780221,62.69565217391305,80.80434782608695,2.656032546000181,2.939412209902395,2.656032546000181,2.939412209902395,2.6534193843225693,0.0026131616776114974,3.023288446025191,-0.08387623612279604,2.6534193843225693,0.0026131616776114974,3.023288446025191,-0.08387623612279604
10,13065,13066,70.952225,56.06,54.58,2.52485435050352,2.414985487274407,2.52485435050352,2.414985487274407,2.516594504380742,0.008259846122777859,2.470271088560479,-0.05528560128607163,2.516594504380742,0.008259846122777859,2.4702710885604784,-0.055285601286071184
10,13298,13299,72.119221,72.54166666666667,79.54166666666667,2.856621481344778,2.9028687309952796,2.856621481344778,2.9028687309952796,2.856440838064934,0.00018064327984390616,2.9966611070830016,-0.09379237608772195,2.856440838064934,0.00018064327984390616,2.9966611070830016,-0.09379237608772195
10,13531,13532,73.286217,65.37755102040816,81.62244897959184,2.6996138364585556,2.9550103366441838,2.699613836458556,2.9550103366441838,2.7087192219376908,-0.009105385479135197,3.0405405104445036,-0.0855301738003198,2.7087192219376908,-0.009105385479134753,3.040540510444503,-0.08553017380031935
10,13764,13765,74.453213,70.61386138613861,79.7128712871287,2.8116486984767115,2.912845016782722,2.8116486984767115,2.912845016782722,2.8166901520515157,-0.005041453574804233,3.0002714590895243,-0.08742644230680252,2.8166901520515157,-0.005041453574804233,3.0002714590895243,-0.08742644230680252
10,13998,13999,75.625217,55.78846153846154,61.34615384615385,2.522930184226174,2.545404399760005,2.522930184226174,2.545404399760005,2.510995474108231,0.011934710117942782,2.612955304961754,-0.06755090520174889,2.510995474108231,0.011934710117942782,2.612955304961754,-0.06755090520174889
10,14231,14232,76.792213,75.76595744680851,57.5531914893617,2.9127465759756923,2.500456526450705,2.9127465759756923,2.500456526450705,2.922924611977136,-0.010178036001443846,2.5329695591416144,-0.03251303269090933,2.922924611977136,-0.010178036001443846,2.5329695591416144,-0.03251303269090933
10,14464,14465,77.959209,68.14606741573034,84.26966292134831,2.683447510147471,3.060052867884151,2.683447510147471,3.060052867884151,2.7658050838061197,-0.0823575736586486,3.0963647875026967,-0.03631191961854574,2.7658050838061197,-0.0823575736586486,3.0963647875026967,-0.03631191961854574
10,14698,14699,79.131213,73.04255319148936,79.0,2.865172976303214,3.2930044025121137,2.865172976303214,3.2930044025121137,2.8667689470174755,-0.0015959707142614299,2.985238475312966,0.3077659271991475,2.8667689470174755,-0.0015959707142614299,2.985238475312966,0.3077659271991475
10,14931,14932,80.298209,74.42857142857143,75.06593406593407,2.9704522919747705,3.054280108790234,2.9704522919747705,3.054280108790234,2.895348169363017,0.07510412261175325,2.9022771463458117,0.15200296244442235,2.895348169363017,0.07510412261175325,2.9022771463458117,0.15200296244442235
10,15164,15165,81.465205,75.23333333333333,77.25555555555556,2.9855699097226776,3.099399538835268,2.9855699097226776,3.099399538835268,2.911942084793619,0.0736278249290585,2.94845174325357,0.1509477955816978,2.911942084793619,0.0736278249290585,2.94845174325357,0.1509477955816978
10,15398,15399,82.637209,74.3409090909091,78.25,2.9897939810757936,3.1163177834693725,2.9897939810757936,3.1163177834693725,2.893540601921007,0.0962533791547866,2.969422523631379,0.14689525983799356,2.893540601921007,0.0962533791547866,2.969422523631379,0.14689525983799356
10,15631,15632,83.804205,77.50588235294117,76.63529411764706,2.95443955953225,2.907347776785377,2.95443955953225,2.907347776785377,2.9588012688828895,-0.004361709350639398,2.9353717100110197,-0.028023933225642672,2.9588012688828895,-0.004361709350639398,2.9353717100110197,-0.028023933225642672
10,15864,15865,84.971201,80.54444444444445,68.07777777777778,2.9955818128613014,2.7290664503646846,2.9955818128613014,2.7290664503646846,3.021455380712346,-0.025873567851044665,2.7549113567499965,-0.025844906385311894,3.021455380712346,-0.025873567851044665,2.7549113567499965,-0.025844906385311894
10,16097,16098,86.138197,75.92391304347827,78.03260869565217,2.918338751193204,2.919310469292373,2.918338751193204,2.919310469292373,2.926181602395568,-0.007842851202363832,2.964838189810629,-0.04552772051825604,2.926181602395568,-0.007842851202363832,2.964838189810629,-0.04552772051825604
10,16331,16332,87.310201,54.619565217391305,73.03260869565217,2.4888139058188825,2.824887031852967,2.4888139058188825,2.824887031852967,2.486893231464527,0.0019206743543556115,2.859398511933379,-0.03451148008041205,2.486893231464527,0.0019206743543556115,2.859398511933379,-0.03451148008041205
10,16564,16565,88.477197,86.33333333333333,60.77777777777778,3.1245245284566874,2.5785672123521834,3.1245245284566874,2.5785672123521834,3.1408202911174854,-0.01629576266079802,2.600969427049212,-0.022402214697028633,3.1408202911174854,-0.01629576266079802,2.6009694270492116,-0.02240221469702819
10,16797,16798,89.644193,56.02739726027397,59.43835616438356,2.520853965448791,2.550905754749617,2.520853965448791,2.550905754749617,2.515922247030315,0.004931718418475839,2.5727237903575895,-0.021818035607972686,2.515922247030315,0.004931718418475839,2.572723790357589,-0.02181803560797224
10,17031,17032,90.816197,83.47916666666667,76.4375,3.053721018027465,2.897949725131207,3.053721018027465,2.897949725131207,3.0819683499268518,-0.028247331899386552,2.931200640400876,-0.033250915269668724,3.0819683499268518,-0.028247331899386552,2.931200640400876,-0.033250915269668724
10,17264,17265,91.983193,59.76829268292683,79.32926829268293,2.5936799470251413,2.9543688498646095,2.5936799470251413,2.9543688498646095,2.5930582321097697,0.0006217149153715518,2.9921820638561023,-0.037813213991492844,2.5930582321097697,0.0006217149153715518,2.9921820638561023,-0.037813213991492844
10,17497,17498,93.150189,53.855555555555554,69.85555555555555,2.4777815403779657,2.775029221579679,2.4777815403779657,2.775029221579679,2.471139613355061,0.006641927022904781,2.792401019995241,-0.017371798415561912,2.471139613355061,0.006641927022904781,2.7924010199952405,-0.017371798415561468
10,17731,17732,94.322193,70.35555555555555,56.955555555555556,2.8141656033090303,2.528612052694551,2.8141656033090303,2.528612052694551,2.8113639741067544,0.0028016292022758904,2.5203666510719365,0.008245401622614335,2.8113639741067544,0.0028016292022758904,2.520366651071936,0.008245401622614779
10,17964,17965,95.489189,78.28048780487805,78.15853658536585,3.011845870631644,2.9555524792050076,3.011845870631644,2.9555524792050076,2.9747733685628894,0.03707250206875479,2.967493749036063,-0.011941269831055479,2.9747733685628894,0.03707250206875479,2.967493749036063,-0.011941269831055479
10,18197,18198,96.656185,65.97727272727273,59.72727272727273,2.730283293008571,2.5549778451821648,2.730283293008571,2.5549778451821648,2.7210852785647766,0.009198014443794644,2.5788164442224764,-0.023838599040311603,2.7210852785647766,0.009198014443794644,2.5788164442224764,-0.023838599040311603
10,18431,18432,97.828189,66.3157894736842,80.1842105263158,2.7370536279368,2.9641166011630258,2.7370536279368,2.9641166011630258,2.728065378180024,0.008988249756775701,3.0102110305996836,-0.04609442943665787,2.728065378180024,0.008988249756775701,3.010211030599683,-0.046094429436657425
