source_frame_1based,time_sec,saved_x_px,saved_y_px,remeasured_x_px,remeasured_y_px,error_px
1,0.0,69.08235294117647,86.72941176470589,69.08235294117647,86.72941176470589,0.0
2049,15.781025,58.4390243902439,79.1219512195122,58.4390243902439,79.1219512195122,0.0
2892,20.003246,67.25842696629213,85.47191011235955,67.25842696629213,85.47191011235955,0.0
3003,20.559197,60.05263157894737,71.3157894736842,60.05263157894737,71.3157894736842,0.0
4888,30.000344,71.58974358974359,88.05128205128206,71.58974358974359,88.05128205128206,0.0
6486,38.004032,68.49438202247191,67.28089887640449,68.49438202247191,67.28089887640449,0.0
6885,40.00245,58.84883720930232,77.75581395348837,58.848837209302324,77.75581395348837,7.105427357601002e-15
7284,42.000868,68.1734693877551,87.23469387755102,68.1734693877551,87.23469387755102,0.0
8882,50.004556,51.875,69.83333333333333,51.875,69.83333333333333,0.0
13873,75.002309,64.65934065934066,64.54945054945055,64.65934065934066,64.54945054945055,0.0
16384,87.578818,69.8048780487805,87.63414634146342,69.8048780487805,87.63414634146342,0.0
18432,103.349885,64.93650793650794,60.96825396825397,64.93650793650794,60.96825396825397,0.0
