start_time_sec,end_time_sec,source_first_frame_1based,source_last_frame_1based,n_input,n_used,initial_center,bounds_scale,max_nfev,status,converged,boundary_reached,center_x_um,center_y_um,center_difference_from_baseline_R,fit_residual_p95_R,axis_ratio
15.781025,20.861391993006993,2049,3063,1015,1015,ellipse,1.0,80,computed,True,False,1.0968626430528952,1.462854474286909,0.0,0.5739621480713071,7.1573560527295985
15.781025,20.861391993006993,2049,3063,1015,1015,ellipse,2.0,80,computed,True,False,0.8939869998885305,1.4806417680775064,0.6924859069410425,0.576360231731829,9.808680823953793
15.781025,20.861391993006993,2049,3063,1015,1015,median,1.0,80,computed,True,False,1.0970584111641248,1.462827538466331,0.0006719431889237545,0.573953580896887,7.153093172801243
15.781025,20.861391993006993,2049,3063,1015,1015,median,2.0,80,computed,True,False,0.8939915636619802,1.4806412736621613,0.6924703011769975,0.5763602010658203,9.808619784008778
16.28184665876116,21.362213651768155,2149,3163,1015,1015,ellipse,1.0,80,boundary,True,True,1.0927208005281654,1.4598597462646417,0.0,0.5873143094853852,7.586242093838349
16.28184665876116,21.362213651768155,2149,3163,1015,1015,ellipse,2.0,80,computed,True,False,0.7056914174195049,1.501706662472197,1.331636975749689,0.5892968741670894,13.802374205038266
16.28184665876116,21.362213651768155,2149,3163,1015,1015,median,1.0,80,boundary,True,True,1.0927339100121574,1.459858548526048,4.5030703676425886e-05,0.5873142790177948,7.586270604660527
16.28184665876116,21.362213651768155,2149,3163,1015,1015,median,2.0,80,computed,True,False,0.705691692766499,1.5017067152161272,1.3316360587163072,0.5892968882226866,13.802448826045177
16.782668317522322,21.863035310529316,2249,3263,1015,1015,ellipse,1.0,80,boundary,True,True,1.2217633063436246,1.4421030387220544,0.0,0.6084640687698099,7.6399614649942285
16.782668317522322,21.863035310529316,2249,3263,1015,1015,ellipse,2.0,80,computed,True,False,1.0972104417744568,1.4596566003160847,0.44690341670539896,0.6101260044578892,15.394329484609857
16.782668317522322,21.863035310529316,2249,3263,1015,1015,median,1.0,80,boundary,True,True,1.2217972690075656,1.4420983065389095,0.00012183339235064343,0.6084641833039515,7.639986950460555
16.782668317522322,21.863035310529316,2249,3263,1015,1015,median,2.0,80,computed,True,False,1.0972196843670312,1.4596553818804916,0.446870295431529,0.6101261354313102,15.39486082424529
17.28348997628348,22.36385696929047,2349,3363,1015,1015,ellipse,1.0,80,computed,True,False,1.464825364682915,1.3728671876243839,0.0,0.7631046157347554,5.415157748155195
17.28348997628348,22.36385696929047,2349,3363,1015,1015,ellipse,2.0,80,computed,True,False,1.464912405145857,1.3728414570128364,0.00034817151699005275,0.7631085964603294,5.416420348779539
17.28348997628348,22.36385696929047,2349,3363,1015,1015,median,1.0,80,computed,True,False,1.4648182048555447,1.3728692520653785,2.858406528493063e-05,0.763104347937581,5.415044010131998
17.28348997628348,22.36385696929047,2349,3363,1015,1015,median,2.0,80,computed,True,False,1.4649099182373806,1.37284213686963,0.00033828382113102796,0.763108547538479,5.416373544889199
17.78431163504464,22.864678628051635,2449,3463,1015,1015,ellipse,1.0,80,boundary,True,True,1.2635335864836565,1.640342151803546,0.0,0.7678600762010639,6.318224037726159
17.78431163504464,22.864678628051635,2449,3463,1015,1015,ellipse,2.0,80,boundary,True,True,1.256228910505601,1.8838771926385525,1.0004525497971424,0.7629650340035163,9.327520446078047
17.78431163504464,22.864678628051635,2449,3463,1015,1015,median,1.0,80,boundary,True,True,1.3813234044283893,1.4270446936137624,1.000516358086069,0.741082113092103,6.5744328839530946
17.78431163504464,22.864678628051635,2449,3463,1015,1015,median,2.0,80,boundary,True,True,1.7296675027795207,1.3954737387399319,2.16206517950594,0.7432611169575266,12.776179530767122
18.285133293805803,23.365500286812797,2549,3563,1015,1015,ellipse,1.0,80,boundary,True,True,1.267093251843199,1.6358934157192573,0.0,0.7733610855848277,6.265011944558811
18.285133293805803,23.365500286812797,2549,3563,1015,1015,ellipse,2.0,80,boundary,True,True,1.2641028661463687,1.875834451807922,1.0000776626007228,0.7614301278141256,8.944590753415568
18.285133293805803,23.365500286812797,2549,3563,1015,1015,median,1.0,80,boundary,True,True,1.2676536760423616,1.6358934162274839,0.002335674670930486,0.7722768443802651,6.264459145785712
18.285133293805803,23.365500286812797,2549,3563,1015,1015,median,2.0,80,boundary,True,True,1.2650613639332413,1.8758344518945913,1.0000358580050155,0.7625148215683875,8.929218991024085
18.785954952566964,23.86632194557396,2649,3663,1015,1015,ellipse,1.0,80,boundary,True,True,1.2748989855759811,1.6019002846882961,0.0,0.7800893227727451,6.178299623631976
18.785954952566964,23.86632194557396,2649,3663,1015,1015,ellipse,2.0,80,boundary,True,True,1.278691191924249,1.8637141907114956,1.1172751422187668,0.7742570937948501,9.725276243140636
18.785954952566964,23.86632194557396,2649,3663,1015,1015,median,1.0,80,boundary,True,True,1.2749028764973256,1.6019320328225723,0.00013648262665314208,0.7800742968806387,6.178199836540836
18.785954952566964,23.86632194557396,2649,3663,1015,1015,median,2.0,80,boundary,True,True,1.2787016438600065,1.863714202470821,1.1172758391907993,0.7742254210349001,9.722651199600152
19.28677661132813,24.36714360433512,2749,3763,1015,1015,ellipse,1.0,80,boundary,True,True,1.2717965820734147,1.3926543171349521,0.0,0.7943163411818311,6.456747813885231
19.28677661132813,24.36714360433512,2749,3763,1015,1015,ellipse,2.0,80,boundary,True,True,1.26990216940714,1.3483857987119166,0.19004677574165424,0.7860520894192394,13.08113164073267
19.28677661132813,24.36714360433512,2749,3763,1015,1015,median,1.0,80,boundary,True,True,1.2717958789457264,1.3926369908822263,7.437554903454117e-05,0.7943340721007514,6.4567457985589956
19.28677661132813,24.36714360433512,2749,3763,1015,1015,median,2.0,80,boundary,True,True,1.2699013849755996,1.348362783961947,0.1901455423594149,0.7860553413480378,13.08112336713286
19.787598270089283,24.867965263096277,2849,3863,1015,1015,ellipse,1.0,80,boundary,True,True,1.2720932799927904,1.4274831404935349,0.0,0.7502487693998697,6.545492338954013
19.787598270089283,24.867965263096277,2849,3863,1015,1015,ellipse,2.0,80,boundary,True,True,1.2706172492327785,1.4804769763239753,0.21821675166462814,0.7487537164951779,13.265367183575167
19.787598270089283,24.867965263096277,2849,3863,1015,1015,median,1.0,80,computed,True,False,1.3131307052474934,1.3838618410428296,0.24652061766434724,0.7276108612957144,3.6376984228943483
19.787598270089283,24.867965263096277,2849,3863,1015,1015,median,2.0,80,computed,True,False,1.3131307174163018,1.3838618344498304,0.24652067175155734,0.7276108463987995,3.637698232477092
20.288419928850445,25.36878692185744,2949,3963,1015,1015,ellipse,1.0,80,boundary,True,True,1.4072706701976105,1.4190959128515563,0.0,0.7258110060722007,6.66826944737189
20.288419928850445,25.36878692185744,2949,3963,1015,1015,ellipse,2.0,80,boundary,True,True,1.763647882930482,1.3872957391068448,1.4368903370842925,0.728287499922167,12.99361185025547
20.288419928850445,25.36878692185744,2949,3963,1015,1015,median,1.0,80,boundary,True,True,1.4072834880460778,1.4190940520544342,5.2015826942771315e-05,0.7258120204324897,6.668248121431355
20.288419928850445,25.36878692185744,2949,3963,1015,1015,median,2.0,80,boundary,True,True,1.7637693300830632,1.3872784244825953,1.4373823166498505,0.7282849517948082,12.993211863236747
20.78924158761161,25.8696085806186,3049,4063,1015,1015,ellipse,1.0,80,boundary,True,True,1.2708163894160764,1.4921565125006335,0.0,0.743658900054054,6.590877816529231
20.78924158761161,25.8696085806186,3049,4063,1015,1015,ellipse,2.0,80,boundary,True,True,1.2618161746294534,1.8017675199574534,1.210190718170305,0.7357287363287504,12.97982498449478
20.78924158761161,25.8696085806186,3049,4063,1015,1015,median,1.0,80,boundary,True,True,1.2708164062782132,1.4921507132346135,2.265838088850007e-05,0.7436592909591233,6.590885836375427
20.78924158761161,25.8696085806186,3049,4063,1015,1015,median,2.0,80,boundary,True,True,1.2618162116704477,1.801754785682454,1.21014098094811,0.7357287367246529,12.979857325846911
21.290063246372767,26.37043023937976,3149,4163,1015,1015,ellipse,1.0,80,computed,True,False,1.2974479839433033,1.4316999322056152,0.0,0.6924014714397116,5.092772294308415
21.290063246372767,26.37043023937976,3149,4163,1015,1015,ellipse,2.0,80,computed,True,False,1.297482272750512,1.4316974943912666,0.0001283374621384377,0.6924146308729023,5.096311209842488
21.290063246372767,26.37043023937976,3149,4163,1015,1015,median,1.0,80,computed,True,False,1.29746851592886,1.4316984723005066,7.684794309972755e-05,0.6924094302412619,5.094904883074675
21.290063246372767,26.37043023937976,3149,4163,1015,1015,median,2.0,80,computed,True,False,1.2974512512229113,1.431699695814407,1.2229994181699126e-05,0.6924029079534562,5.093162877794229
21.79088490513393,26.871251898140923,3249,4263,1015,1015,ellipse,1.0,80,computed,True,False,1.2985676611392412,1.431240270695841,0.0,0.6778393445279779,4.245601388216678
21.79088490513393,26.871251898140923,3249,4263,1015,1015,ellipse,2.0,80,computed,True,False,1.2985676545893963,1.4312402723491706,2.5443032315584427e-08,0.6778392555191748,4.245604804699284
21.79088490513393,26.871251898140923,3249,4263,1015,1015,median,1.0,80,computed,True,False,1.2985676744708958,1.4312402705096303,5.021704717577148e-08,0.6778393366673895,4.245601891128516
21.79088490513393,26.871251898140923,3249,4263,1015,1015,median,2.0,80,computed,True,False,1.2985689298344198,1.4312402782307212,4.778479261414867e-06,0.6778371812380434,4.245695189658861
22.29170656389509,27.372073556902084,3349,4363,1015,1015,ellipse,1.0,80,computed,True,False,1.34406895836362,1.368110417978132,0.0,0.5779293836802265,3.472348075066891
22.29170656389509,27.372073556902084,3349,4363,1015,1015,ellipse,2.0,80,computed,True,False,1.3440697841269635,1.3681098976948283,3.5973209757692667e-06,0.5779294740410459,3.4723589346377253
22.29170656389509,27.372073556902084,3349,4363,1015,1015,median,1.0,80,computed,True,False,1.2841135196671825,1.4301570201712681,0.3180126439279204,0.6289709754512718,3.991828670983539
22.29170656389509,27.372073556902084,3349,4363,1015,1015,median,2.0,80,computed,True,False,1.2841133447395103,1.4301570289916974,0.31801311532931653,0.628971015500408,3.9918321685812024
22.79252822265625,27.872895215663245,3449,4463,1015,1015,ellipse,1.0,80,computed,True,False,1.3313507736968708,1.395384043060141,0.0,0.5289165122405037,3.2342756211020327
22.79252822265625,27.872895215663245,3449,4463,1015,1015,ellipse,2.0,80,computed,True,False,1.3313340979007022,1.3953926251856288,6.894171510927532e-05,0.5289161048390091,3.234082811000735
22.79252822265625,27.872895215663245,3449,4463,1015,1015,median,1.0,80,computed,True,False,1.3310783050149178,1.3953251674433396,0.0010247081590781667,0.5283791254545617,3.233278887921517
22.79252822265625,27.872895215663245,3449,4463,1015,1015,median,2.0,80,computed,True,False,1.331083922544499,1.3953222866071227,0.0010068681858199965,0.5283809876116158,3.233343793172852
23.29334988141741,28.373716874424403,3549,4563,1015,1015,ellipse,1.0,80,computed,True,False,1.2755538663933588,1.4369364386496843,0.0,0.5883826217746861,3.5907093426409733
23.29334988141741,28.373716874424403,3549,4563,1015,1015,ellipse,2.0,80,computed,True,False,1.2755473787285163,1.4369366204573268,2.2646781906803715e-05,0.5883748921666884,3.5908908404580306
23.29334988141741,28.373716874424403,3549,4563,1015,1015,median,1.0,80,computed,True,False,1.275560306391741,1.436936254301093,2.248077346486903e-05,0.5883902632701878,3.590527837996866
23.29334988141741,28.373716874424403,3549,4563,1015,1015,median,2.0,80,computed,True,False,1.27555135379465,1.4369365068236981,8.770625436064683e-06,0.5883796137532225,3.590778797490224
23.79417154017857,28.874538533185564,3649,4663,1015,1015,ellipse,1.0,80,computed,True,False,1.2756163481281755,1.4344014864030754,0.0,0.5949237075371508,3.4452416308004166
23.79417154017857,28.874538533185564,3649,4663,1015,1015,ellipse,2.0,80,computed,True,False,1.2756116040600662,1.4344016798539605,1.6572471559814946e-05,0.5949221741535848,3.4454072337830928
23.79417154017857,28.874538533185564,3649,4663,1015,1015,median,1.0,80,computed,True,False,1.2756238196340166,1.4344011770952472,2.6100905127332094e-05,0.5949260820948225,3.444978542855987
23.79417154017857,28.874538533185564,3649,4663,1015,1015,median,2.0,80,computed,True,False,1.2756199612515704,1.434401331528906,1.2622837703532517e-05,0.5949248084153118,3.4451117150303756
24.294993198939732,29.37536019194673,3749,4763,1015,1015,ellipse,1.0,80,computed,True,False,1.2917004883668632,1.4356706271769966,0.0,0.6089903453076126,3.3142708250618873
24.294993198939732,29.37536019194673,3749,4763,1015,1015,ellipse,2.0,80,computed,True,False,1.291709134281504,1.4356699318902226,3.2021756907359927e-05,0.6089804644595563,3.313849126381864
24.294993198939732,29.37536019194673,3749,4763,1015,1015,median,1.0,80,computed,True,False,1.291711058900076,1.4356697856907752,3.914741592418561e-05,0.6089783844707403,3.3137596469244737
24.294993198939732,29.37536019194673,3749,4763,1015,1015,median,2.0,80,computed,True,False,1.2917065841888395,1.4356701405818602,2.257594639532914e-05,0.6089834305053863,3.313975529736851
24.79581485770089,29.876181850707884,3849,4863,1015,1015,ellipse,1.0,80,computed,True,False,1.2837021925918324,1.4361902070659625,0.0,0.58913010095809,3.42582658490463
24.79581485770089,29.876181850707884,3849,4863,1015,1015,ellipse,2.0,80,computed,True,False,1.283698167867151,1.4361904176174658,1.4360506817632771e-05,0.5891332244773382,3.425954097318366
24.79581485770089,29.876181850707884,3849,4863,1015,1015,median,1.0,80,computed,True,False,1.2837128513044185,1.4361896497931694,3.803099039282149e-05,0.5891218239295494,3.425488614376348
24.79581485770089,29.876181850707884,3849,4863,1015,1015,median,2.0,80,computed,True,False,1.2837054426300363,1.4361900370827054,1.1596362196070212e-05,0.5891275801606208,3.4257237384212442
25.29663651646205,30.377003509469045,3949,4963,1015,1015,ellipse,1.0,80,computed,True,False,1.2635716847522274,1.4391445325362724,0.0,0.6625529355162298,2.6055456048343246
25.29663651646205,30.377003509469045,3949,4963,1015,1015,ellipse,2.0,80,computed,True,False,1.26357166178332,1.439144542984621,9.249993871171906e-08,0.662553141242637,2.6055511134120497
25.29663651646205,30.377003509469045,3949,4963,1015,1015,median,1.0,80,computed,True,False,1.2635710897395003,1.4391449390557867,2.641613384859046e-06,0.6625619070388823,2.605774094682128
25.29663651646205,30.377003509469045,3949,4963,1015,1015,median,2.0,80,computed,True,False,1.2635710637129158,1.4391449529574718,2.7491623885143847e-06,0.662562194798224,2.605781624651117
25.797458175223213,30.877825168230206,4049,5063,1015,1015,ellipse,1.0,80,computed,True,False,1.2835794099628943,1.428097148371951,0.0,0.5937179473203978,3.1145404544950064
25.797458175223213,30.877825168230206,4049,5063,1015,1015,ellipse,2.0,80,computed,True,False,1.2835794702784704,1.4280970968786577,2.8840816788498044e-07,0.5937179443447392,3.114541479995515
25.797458175223213,30.877825168230206,4049,5063,1015,1015,median,1.0,80,computed,True,False,1.2835794355309083,1.4280971272483165,1.2060944062525886e-07,0.5937179452536956,3.1145408689645238
25.797458175223213,30.877825168230206,4049,5063,1015,1015,median,2.0,80,computed,True,False,1.2835794736565898,1.4280970939817301,3.045916758846966e-07,0.5937179443315723,3.114541547049073
26.298279833984378,31.378646826991368,4149,5163,1015,1015,ellipse,1.0,80,computed,True,False,1.2610248595559532,1.5139259546779862,0.0,0.6539398024618432,4.794889345354146
26.298279833984378,31.378646826991368,4149,5163,1015,1015,ellipse,2.0,80,computed,True,False,1.261028350081844,1.513881328594037,0.00016282033020826808,0.6539359243398747,4.794381833605306
26.298279833984378,31.378646826991368,4149,5163,1015,1015,median,1.0,80,computed,True,False,1.2610242586190454,1.5139347618940755,3.2110175385293164e-05,0.6539407240863495,4.79500299061229
26.298279833984378,31.378646826991368,4149,5163,1015,1015,median,2.0,80,computed,True,False,1.261027297400784,1.5138968215857398,0.00010634013783445263,0.6539375400979085,4.794580651752541
26.799101492745535,31.87946848575253,4249,5263,1015,1015,ellipse,1.0,80,computed,True,False,1.2453675487353704,1.4369322612871656,0.0,0.6660142228371915,3.0024063072786795
26.799101492745535,31.87946848575253,4249,5263,1015,1015,ellipse,2.0,80,computed,True,False,1.2453652766867573,1.4369323369694496,8.188242332217092e-06,0.6660161749398641,3.0025085106633824
26.799101492745535,31.87946848575253,4249,5263,1015,1015,median,1.0,80,computed,True,False,1.264937353067183,1.489321324350627,0.20143607535610106,0.6391460413208837,4.7457333950890614
26.799101492745535,31.87946848575253,4249,5263,1015,1015,median,2.0,80,computed,True,False,1.2649368835128025,1.4893275715809553,0.20145656300750348,0.639145550684442,4.745886080176031
27.299923151506697,32.38029014451369,4349,5363,1015,1015,ellipse,1.0,80,computed,True,False,1.2676669491160502,1.42365216850281,0.0,0.6579917013063918,4.879608376245934
27.299923151506697,32.38029014451369,4349,5363,1015,1015,ellipse,2.0,80,computed,True,False,1.267666949585321,1.4236520767295873,3.289625140861395e-07,0.657991704628691,4.879612901709622
27.299923151506697,32.38029014451369,4349,5363,1015,1015,median,1.0,80,computed,True,False,1.2676670044537142,1.4236505739508136,5.719062041883857e-06,0.6579906677135443,4.879466507050121
27.299923151506697,32.38029014451369,4349,5363,1015,1015,median,2.0,80,computed,True,False,1.2676669479353875,1.4236521208796082,1.7075631210209827e-07,0.6579917355577898,4.87961729144623
27.800744810267854,32.88111180327485,4449,5463,1015,1015,ellipse,1.0,80,computed,True,False,1.2648556028412048,1.4203531472373838,0.0,0.6545347189485312,4.360393225605414
27.800744810267854,32.88111180327485,4449,5463,1015,1015,ellipse,2.0,80,computed,True,False,1.2648560333970966,1.420374566359573,7.578973032973983e-05,0.6545418610258401,4.361170732656351
27.800744810267854,32.88111180327485,4449,5463,1015,1015,median,1.0,80,computed,True,False,1.2648556454860271,1.4203553083515292,7.646861277321317e-06,0.6545354747120797,4.3604753111635155
27.800744810267854,32.88111180327485,4449,5463,1015,1015,median,2.0,80,computed,True,False,1.2648560536427431,1.420375587569066,7.940317264674573e-05,0.6545422195454237,4.3612096349243386
28.30156646902902,33.38193346203601,4549,5563,1015,1015,ellipse,1.0,80,boundary,True,True,1.269877394792425,1.5875347057336398,0.0,0.661745294555549,6.718023792460382
28.30156646902902,33.38193346203601,4549,5563,1015,1015,ellipse,2.0,80,computed,True,False,1.2705760699024113,1.6057757087107611,0.06571118997841731,0.6625235951008103,7.012160950048495
28.30156646902902,33.38193346203601,4549,5563,1015,1015,median,1.0,80,boundary,True,True,1.2698778483156714,1.5875704158439945,0.0001285578181983255,0.6617452552162066,6.717955220000331
28.30156646902902,33.38193346203601,4549,5563,1015,1015,median,2.0,80,computed,True,False,1.2705687539529174,1.6055663249360355,0.06495700519428611,0.6625161681562449,7.009305059859101
28.80238812779018,33.88275512079717,4649,5663,1015,1015,ellipse,1.0,80,boundary,True,True,1.2725382662336624,1.5748237588456089,0.0,0.6730880504335174,6.834149827285379
28.80238812779018,33.88275512079717,4649,5663,1015,1015,ellipse,2.0,80,computed,True,False,1.2820461254774076,1.76651438329952,0.6966610626189251,0.6741538499294069,9.731941949679408
28.80238812779018,33.88275512079717,4649,5663,1015,1015,median,1.0,80,boundary,True,True,1.272534707862047,1.5747299725652844,0.00034067383814014214,0.6730929816823236,6.834327403975168
28.80238812779018,33.88275512079717,4649,5663,1015,1015,median,2.0,80,computed,True,False,1.2819840584605455,1.7652385710453533,0.6920245974887491,0.6741454247009123,9.716674087237765
29.30320978655134,34.38357677955833,4749,5763,1015,1015,ellipse,1.0,80,computed,True,False,1.2696827216420918,1.5284553546660182,0.0,0.6654719721175179,6.138311928600447
29.30320978655134,34.38357677955833,4749,5763,1015,1015,ellipse,2.0,80,computed,True,False,1.2696768381507342,1.5282851017728498,0.0006157002392761032,0.6654678474352757,6.135500945371299
29.30320978655134,34.38357677955833,4749,5763,1015,1015,median,1.0,80,computed,True,False,1.269677455887413,1.5283060884231077,0.000539817962756316,0.665467362643888,6.135658364223572
29.30320978655134,34.38357677955833,4749,5763,1015,1015,median,2.0,80,computed,True,False,1.2696826027412433,1.5284502423177926,1.8482193423802532e-05,0.6654723206922198,6.138317569690392
29.8040314453125,34.884398438319494,4849,5863,1015,1015,ellipse,1.0,80,computed,True,False,1.2663453496709065,1.4004599486421658,0.0,0.7021164072563143,5.609182922561359
29.8040314453125,34.884398438319494,4849,5863,1015,1015,ellipse,2.0,80,computed,True,False,1.2663451752805597,1.4004576774879607,8.51429730385886e-06,0.7021178447521403,5.609497817356336
29.8040314453125,34.884398438319494,4849,5863,1015,1015,median,1.0,80,computed,True,False,1.2663443481667505,1.4004458792961132,5.272263415066699e-05,0.7021241559361305,5.61072197625804
29.8040314453125,34.884398438319494,4849,5863,1015,1015,median,2.0,80,computed,True,False,1.2663444299519853,1.4004471670000957,4.78998043097565e-05,0.7021234697484956,5.610607173373382
30.30485310407366,35.385220097080655,4949,5963,1015,1015,ellipse,1.0,80,computed,True,False,1.2648626089838397,1.365207779322232,0.0,0.7290760123389723,4.301251137184632
30.30485310407366,35.385220097080655,4949,5963,1015,1015,ellipse,2.0,80,computed,True,False,1.2648634904018112,1.3652266949974616,7.325598132262344e-05,0.7290859285910739,4.3020865345534265
30.30485310407366,35.385220097080655,4949,5963,1015,1015,median,1.0,80,computed,True,False,1.2648637670680585,1.3652328214299172,9.69806396381451e-05,0.7290888580822099,4.3023331898327575
30.30485310407366,35.385220097080655,4949,5963,1015,1015,median,2.0,80,computed,True,False,1.2648635392420329,1.3652277551022027,7.73614183784756e-05,0.7290864559623011,4.302130918051393
30.80567476283482,35.88604175584181,5049,6063,1015,1015,ellipse,1.0,80,computed,True,False,1.2682836529146637,1.3650844448637027,0.0,0.6834070827824549,3.446672142627039
30.80567476283482,35.88604175584181,5049,6063,1015,1015,ellipse,2.0,80,computed,True,False,1.2682836325138271,1.3650802948524778,1.529116380143994e-05,0.683410064976692,3.4468120649325114
30.80567476283482,35.88604175584181,5049,6063,1015,1015,median,1.0,80,computed,True,False,1.268283631957638,1.3650801084032875,1.597814947359662e-05,0.6834102079495487,3.4468187245299027
30.80567476283482,35.88604175584181,5049,6063,1015,1015,median,2.0,80,computed,True,False,1.268283625052381,1.3650787125694985,2.1121250330119098e-05,0.6834112085173234,3.4468656952371384
31.30649642159598,36.38686341460297,5149,6163,1015,1015,ellipse,1.0,80,computed,True,False,1.278470540006073,1.400385792292042,0.0,0.6473295150353624,1.7578067995714404
31.30649642159598,36.38686341460297,5149,6163,1015,1015,ellipse,2.0,80,computed,True,False,1.2784705020188718,1.4003858707809653,3.358147799353569e-07,0.6473300417954901,1.7578109344482653
31.30649642159598,36.38686341460297,5149,6163,1015,1015,median,1.0,80,computed,True,False,1.2784705329751764,1.4003858069224382,6.251257752272853e-08,0.6473296124472538,1.7578075646248574
31.30649642159598,36.38686341460297,5149,6163,1015,1015,median,2.0,80,computed,True,False,1.2784705079671816,1.400385858378628,2.8284237746919e-07,0.64732995964149,1.7578102843190764
31.807318080357145,36.88768507336413,5249,6263,1015,1015,ellipse,1.0,80,computed,True,False,1.2720936423512117,1.372843804659044,0.0,0.6813674827148704,3.481525136151157
31.807318080357145,36.88768507336413,5249,6263,1015,1015,ellipse,2.0,80,computed,True,False,1.2720936479575915,1.3728425447011594,4.779651521559107e-06,0.6813679798011609,3.4815564811200947
31.807318080357145,36.88768507336413,5249,6263,1015,1015,median,1.0,80,computed,True,False,1.272093669606414,1.3728397694311072,1.5307838923890437e-05,0.6813690308367425,3.4816237213459424
31.807318080357145,36.88768507336413,5249,6263,1015,1015,median,2.0,80,computed,True,False,1.2720936518366988,1.3728419925764854,6.874163161664508e-06,0.6813681903820974,3.481569918344992
32.3081397391183,37.38850673212529,5349,6363,1015,1015,ellipse,1.0,80,computed,True,False,1.271197453668417,1.4235117554339831,0.0,0.6750466374346115,2.7608304487183704
32.3081397391183,37.38850673212529,5349,6363,1015,1015,ellipse,2.0,80,computed,True,False,1.2711974615404058,1.4235110287376387,2.9244716326484818e-06,0.675047520259154,2.7608513554851606
32.3081397391183,37.38850673212529,5349,6363,1015,1015,median,1.0,80,computed,True,False,1.2705692792228866,1.4383040563616387,0.05957937447786333,0.6515488537363161,2.560770263680034
32.3081397391183,37.38850673212529,5349,6363,1015,1015,median,2.0,80,computed,True,False,1.2705715467007008,1.4383041377133026,0.05957931511249284,0.6515537788273066,2.560843995867799
32.808961397879465,37.889328390886455,5449,6463,1015,1015,ellipse,1.0,80,computed,True,False,1.2704677083652178,1.4267804825554957,0.0,0.7032157478201438,2.8529066732077633
32.808961397879465,37.889328390886455,5449,6463,1015,1015,ellipse,2.0,80,computed,True,False,1.2704676893105464,1.4267814614434453,4.049086363843182e-06,0.7032151247462424,2.8528798257261174
32.808961397879465,37.889328390886455,5449,6463,1015,1015,median,1.0,80,computed,True,False,1.2704679910256054,1.4267659905212944,5.994510664771373e-05,0.7032250232288304,2.853306662876894
32.808961397879465,37.889328390886455,5449,6463,1015,1015,median,2.0,80,computed,True,False,1.270467963081416,1.4267674232461156,5.4018758386626925e-05,0.7032241081381894,2.8532672213749266
33.309783056640626,38.390150049647616,5549,6563,1015,1015,ellipse,1.0,80,computed,True,False,1.2679464322862093,1.4203207250119505,0.0,0.7119313219391518,2.7932354347905903
33.309783056640626,38.390150049647616,5549,6563,1015,1015,ellipse,2.0,80,computed,True,False,1.2679464048031637,1.4203172403793065,1.4611334297059957e-05,0.7119292699742003,2.7933403435030737
33.309783056640626,38.390150049647616,5549,6563,1015,1015,median,1.0,80,computed,True,False,1.2679464313103113,1.4203205958599694,5.415428669481327e-07,0.7119312486039723,2.7932393148053927
33.309783056640626,38.390150049647616,5549,6563,1015,1015,median,2.0,80,computed,True,False,1.2679464136881713,1.4203183612623196,9.911383619902023e-06,0.7119299305417734,2.793306622281318
33.81060471540178,38.89097170840877,5649,6663,1015,1015,ellipse,1.0,80,computed,True,False,1.266304594035086,1.4163302224985872,0.0,0.6881578211256183,2.8415678572195717
33.81060471540178,38.89097170840877,5649,6663,1015,1015,ellipse,2.0,80,computed,True,False,1.266304298624785,1.4163407824830745,4.3121624137241614e-05,0.6881558371375532,2.8413165796688613
33.81060471540178,38.89097170840877,5649,6663,1015,1015,median,1.0,80,computed,True,False,1.266304567094797,1.416331178544523,3.904029396368735e-06,0.688157646010163,2.8415451090209785
33.81060471540178,38.89097170840877,5649,6663,1015,1015,median,2.0,80,computed,True,False,1.2663047732394825,1.4163238127311828,2.6174229123368143e-05,0.6881590295451128,2.841720455428687
34.31142637416295,39.39179336716994,5749,6763,1015,1015,ellipse,1.0,80,computed,True,False,1.2944426938163858,1.4454530921145603,0.0,0.6667041386572138,3.063531368930558
34.31142637416295,39.39179336716994,5749,6763,1015,1015,ellipse,2.0,80,computed,True,False,1.2944448528954453,1.4454529898844055,8.7380989420338e-06,0.6666984920279289,3.063302232689843
34.31142637416295,39.39179336716994,5749,6763,1015,1015,median,1.0,80,computed,True,False,1.267308301970572,1.424630584698029,0.13826988367715481,0.6927704558849838,2.7832106923543236
34.31142637416295,39.39179336716994,5749,6763,1015,1015,median,2.0,80,computed,True,False,1.2673083428044511,1.4246152723194994,0.13830744680366486,0.6927668558578709,2.7836899250447567
34.8122480329241,39.89261502593109,5849,6863,1015,1015,ellipse,1.0,80,computed,True,False,1.2991108588029492,1.4444769130386768,0.0,0.6610875150427394,2.915167034817264
34.8122480329241,39.89261502593109,5849,6863,1015,1015,ellipse,2.0,80,computed,True,False,1.2991122101444132,1.4444771024780754,5.547056637092704e-06,0.6610917056974199,2.9153109403011386
34.8122480329241,39.89261502593109,5849,6863,1015,1015,median,1.0,80,computed,True,False,1.2991118394629593,1.4444770484269411,4.024295273248994e-06,0.6610905178293638,2.915270021416413
34.8122480329241,39.89261502593109,5849,6863,1015,1015,median,2.0,80,computed,True,False,1.2991131200616384,1.444477230324079,9.282294837816229e-06,0.661094524779247,2.9154078758682505
35.31306969168527,40.39343668469226,5949,6963,1015,1015,ellipse,1.0,80,computed,True,False,1.2956336955386036,1.4445039210989095,0.0,0.6404745228348188,2.9667493156844413
35.31306969168527,40.39343668469226,5949,6963,1015,1015,ellipse,2.0,80,computed,True,False,1.2956330469675714,1.44450407879795,2.5705696869377565e-06,0.6404780954653415,2.96684805961824
35.31306969168527,40.39343668469226,5949,6963,1015,1015,median,1.0,80,computed,True,False,1.2956333548817096,1.4445034085450512,2.37017410232585e-06,0.6404630176821255,2.9664087755391195
35.31306969168527,40.39343668469226,5949,6963,1015,1015,median,2.0,80,computed,True,False,1.2956340098520447,1.4445038627186306,1.2311954441967358e-06,0.6404731916114895,2.9667133349750654
35.813891350446426,40.894258343453416,6049,7063,1015,1015,ellipse,1.0,80,computed,True,False,1.2660878084071188,1.3957761636793338,0.0,0.7002140613075983,3.544762952067791
35.813891350446426,40.894258343453416,6049,7063,1015,1015,ellipse,2.0,80,computed,True,False,1.2660883858848335,1.3957875837756561,4.44727153183598e-05,0.7002012176985815,3.543902285531046
35.813891350446426,40.894258343453416,6049,7063,1015,1015,median,1.0,80,computed,True,False,1.304791619104031,1.447801866442594,0.2521939811478248,0.6537241298852818,3.0501038963432476
35.813891350446426,40.894258343453416,6049,7063,1015,1015,median,2.0,80,computed,True,False,1.304791979529884,1.4478021120904938,0.252195584396146,0.6537280952975677,3.050285124607617
36.314713009207594,41.395080002214584,6149,7163,1015,1015,ellipse,1.0,80,computed,True,False,1.2628401738528077,1.4074856524158854,0.0,0.7091866431246958,3.3784561371864132
36.314713009207594,41.395080002214584,6149,7163,1015,1015,ellipse,2.0,80,computed,True,False,1.2628404427004933,1.4075056958059606,7.793845404822698e-05,0.7091722993366668,3.377526449905633
36.314713009207594,41.395080002214584,6149,7163,1015,1015,median,1.0,80,computed,True,False,1.2628403381386273,1.407497903380231,4.763770881442486e-05,0.7091778825863198,3.377888119068741
36.314713009207594,41.395080002214584,6149,7163,1015,1015,median,2.0,80,computed,True,False,1.262840392175584,1.407501918548086,6.32506446873695e-05,0.7091749946427615,3.3777012148886802
36.81553466796875,41.89590166097574,6249,7263,1015,1015,ellipse,1.0,80,computed,True,False,1.288670256028412,1.4494481977766382,0.0,0.6063505987598742,3.3150221415754184
36.81553466796875,41.89590166097574,6249,7263,1015,1015,ellipse,2.0,80,computed,True,False,1.288668327213562,1.449447939323133,7.4119539295135675e-06,0.6063434629191561,3.314535599053125
36.81553466796875,41.89590166097574,6249,7263,1015,1015,median,1.0,80,computed,True,False,1.2886701198008166,1.449448178607035,5.239632039719012e-07,0.6063500646118616,3.3149858776078656
36.81553466796875,41.89590166097574,6249,7263,1015,1015,median,2.0,80,computed,True,False,1.2886680425886972,1.4494479014272357,8.505573510569971e-06,0.6063424195394037,3.3144644272962918
37.31635632672991,42.3967233197369,6349,7363,1015,1015,ellipse,1.0,80,computed,True,False,1.2517127091055535,1.385332055910725,0.0,0.6771101525236619,4.005970635564514
37.31635632672991,42.3967233197369,6349,7363,1015,1015,ellipse,2.0,80,computed,True,False,1.2517128648653544,1.3853292152702148,1.0771729046691014e-05,0.6771071054139763,4.005821459830155
37.31635632672991,42.3967233197369,6349,7363,1015,1015,median,1.0,80,computed,True,False,1.251712706302632,1.3853321045540201,1.844845619936293e-07,0.6771102080106981,4.005973383789123
37.31635632672991,42.3967233197369,6349,7363,1015,1015,median,2.0,80,computed,True,False,1.2517128567248057,1.3853293205607178,1.0371979845569517e-05,0.6771072484658666,4.005828809376788
37.81717798549107,42.89754497849806,6449,7463,1015,1015,ellipse,1.0,80,computed,True,False,1.253588372151943,1.4034889003617268,0.0,0.6659737727093479,4.133177858288299
37.81717798549107,42.89754497849806,6449,7463,1015,1015,ellipse,2.0,80,computed,True,False,1.2535884488047047,1.4034803530745006,3.159334800596333e-05,0.6659681323848083,4.132893999455491
37.81717798549107,42.89754497849806,6449,7463,1015,1015,median,1.0,80,computed,True,False,1.2535883557257006,1.4034884903197578,1.5167932849634492e-06,0.6659735769570817,4.133162403537503
37.81717798549107,42.89754497849806,6449,7463,1015,1015,median,2.0,80,computed,True,False,1.2535884465167517,1.4034907718257177,6.922675292492573e-06,0.6659747204332594,4.13325157433892
38.31799964425223,43.39836663725922,6549,7563,1015,1015,ellipse,1.0,80,computed,True,False,1.2536720666516061,1.3891069024056732,0.0,0.6435055519255075,3.928009761433649
38.31799964425223,43.39836663725922,6549,7563,1015,1015,ellipse,2.0,80,computed,True,False,1.2536719328873518,1.3891154475379008,2.9596920929250813e-05,0.6435080959251548,3.928340477981511
38.31799964425223,43.39836663725922,6549,7563,1015,1015,median,1.0,80,computed,True,False,1.2536718583804958,1.3891206175491617,4.750342951076076e-05,0.643509429632857,3.9285220930921203
38.31799964425223,43.39836663725922,6549,7563,1015,1015,median,2.0,80,computed,True,False,1.2536719930523055,1.389111774805802,1.6875903296300182e-05,0.6435070640660715,3.9282011568144655
38.818821303013394,43.899188296020384,6649,7663,1015,1015,ellipse,1.0,80,boundary,True,True,1.2678762367429524,1.3758000879278365,0.0,0.6089644246005415,6.917053627698613
38.818821303013394,43.899188296020384,6649,7663,1015,1015,ellipse,2.0,80,boundary,True,True,1.3556059004797367,1.2617792381331225,0.4858969385351635,0.6131375913036867,14.010311594655624
38.818821303013394,43.899188296020384,6649,7663,1015,1015,median,1.0,80,boundary,True,True,1.2678875001312169,1.3757857936719842,6.146476823406189e-05,0.6089643026415141,6.91704519382202
38.818821303013394,43.899188296020384,6649,7663,1015,1015,median,2.0,80,boundary,True,True,1.355592256017367,1.261797039623042,0.48582118569699495,0.6131378006137551,14.010333428204673
39.319642961774555,44.400009954781545,6749,7763,1015,1015,ellipse,1.0,80,boundary,True,True,1.250481495179339,1.4010112209923704,0.0,0.578591202246553,6.723732849537555
39.319642961774555,44.400009954781545,6749,7763,1015,1015,ellipse,2.0,80,boundary,True,True,1.2706103967478641,1.372686790085728,0.11662767320457956,0.5830649362497469,13.687877888527074
39.319642961774555,44.400009954781545,6749,7763,1015,1015,median,1.0,80,boundary,True,True,1.250472330975938,1.4010245278314544,5.4229226288788365e-05,0.5785929382726654,6.723740273378877
39.319642961774555,44.400009954781545,6749,7763,1015,1015,median,2.0,80,computed,True,False,1.2706232054004716,1.372668443178743,0.11670277124151361,0.5830647578256399,13.687868363950772
39.82046462053572,44.90083161354271,6849,7863,1015,1015,ellipse,1.0,80,boundary,True,True,1.3173236205934162,1.3127073368284894,0.0,0.5821054135410739,6.405361422595345
39.82046462053572,44.90083161354271,6849,7863,1015,1015,ellipse,2.0,80,computed,True,False,1.4433813039427965,1.137642981372801,0.7127624724455548,0.5863123367080014,10.229157502382218
39.82046462053572,44.90083161354271,6849,7863,1015,1015,median,1.0,80,boundary,True,True,1.3173246447914138,1.3127060408327638,5.4576981214973554e-06,0.5821052893803,6.405359772244893
39.82046462053572,44.90083161354271,6849,7863,1015,1015,median,2.0,80,computed,True,False,1.442045863784971,1.139499643610072,0.7052060515467524,0.5863019288237109,10.196401944843178
40.32128627929687,45.40165327230386,6949,7962,1014,1014,ellipse,1.0,80,boundary,True,True,1.295789900927716,1.351074257703805,0.0,0.5782295081574476,6.608343658125339
40.32128627929687,45.40165327230386,6949,7962,1014,1014,ellipse,2.0,80,computed,True,False,1.448113117724914,1.1409952823622422,0.8476192843339299,0.5770206816387882,13.280120829965014
40.32128627929687,45.40165327230386,6949,7962,1014,1014,median,1.0,80,boundary,True,True,1.2957898853768393,1.3510742796442752,8.784399378789095e-08,0.5782295061342068,6.608343685120113
40.32128627929687,45.40165327230386,6949,7962,1014,1014,median,2.0,80,computed,True,False,1.4481263617979128,1.140977345693405,0.8476921121275589,0.5770208193095986,13.28008828410684
40.82210793805804,45.90247493106503,7049,8062,1014,1014,ellipse,1.0,80,computed,True,False,1.2757823655293339,1.375809569155871,0.0,0.5632190197115059,3.644634934558176
40.82210793805804,45.90247493106503,7049,8062,1014,1014,ellipse,2.0,80,computed,True,False,1.275606139761648,1.3757792378233977,0.0005841683372670573,0.5638408719480057,3.631604832132332
40.82210793805804,45.90247493106503,7049,8062,1014,1014,median,1.0,80,computed,True,False,1.2734995472370698,1.3761734778665913,0.007551789067448834,0.5655311340798849,3.4846596363458118
40.82210793805804,45.90247493106503,7049,8062,1014,1014,median,2.0,80,computed,True,False,1.2751568663324884,1.3754426310912151,0.002369069902411004,0.5636771547699104,3.6006722127292092
41.32292959681919,46.40329658982618,7149,8162,1014,1014,ellipse,1.0,80,computed,True,False,1.2394657475867679,1.4282422369385201,0.0,0.5364821968216504,3.003064557823738
41.32292959681919,46.40329658982618,7149,8162,1014,1014,ellipse,2.0,80,computed,True,False,1.2394657136306666,1.4282405060787464,5.342639625031958e-06,0.5364811525463936,3.003034017129935
41.32292959681919,46.40329658982618,7149,8162,1014,1014,median,1.0,80,computed,True,False,1.239465739519164,1.4282418261460863,1.267992286488957e-06,0.5364819472761205,3.0030572775199
41.32292959681919,46.40329658982618,7149,8162,1014,1014,median,2.0,80,computed,True,False,1.2394657448667032,1.428242098027407,4.287762037573992e-07,0.5364821140153887,3.0030621317148625
41.82375125558036,46.90411824858735,7249,8262,1014,1014,ellipse,1.0,80,computed,True,False,1.241642689682514,1.4487969701657049,0.0,0.5272609982134652,3.2355514986210796
41.82375125558036,46.90411824858735,7249,8262,1014,1014,ellipse,2.0,80,computed,True,False,1.2416433610810114,1.4487709850170327,7.817159290510376e-05,0.5272556245649707,3.2351062964124777
41.82375125558036,46.90411824858735,7249,8262,1014,1014,median,1.0,80,computed,True,False,1.241642694471807,1.4487952284646515,5.237862518219411e-06,0.5272601521621499,3.2355242155496016
41.82375125558036,46.90411824858735,7249,8262,1014,1014,median,2.0,80,computed,True,False,1.241642688959418,1.4487971805728652,6.327642267846576e-07,0.527261101165707,3.2355548984817064
42.32457291434152,47.404939907348506,7349,8362,1014,1014,ellipse,1.0,80,computed,True,False,1.2338594324406564,1.4450845405467125,0.0,0.5171872314658837,2.982564799041389
42.32457291434152,47.404939907348506,7349,8362,1014,1014,ellipse,2.0,80,computed,True,False,1.2338596558532904,1.4450918506345816,2.1637453882934793e-05,0.5171922278206459,2.9827450081493128
42.32457291434152,47.404939907348506,7349,8362,1014,1014,median,1.0,80,computed,True,False,1.2350448525022466,1.4461495057031235,0.004714590180053116,0.5126093784184833,2.9903305936179883
42.32457291434152,47.404939907348506,7349,8362,1014,1014,median,2.0,80,computed,True,False,1.235045015762292,1.4461537314878385,0.004723313291906671,0.5126124780559665,2.990415906989478
42.82539457310268,47.90576156610967,7449,8462,1014,1014,ellipse,1.0,80,computed,True,False,1.233566430246526,1.440352235166436,0.0,0.5113072853391084,2.733534707035215
42.82539457310268,47.90576156610967,7449,8462,1014,1014,ellipse,2.0,80,computed,True,False,1.2335663884560486,1.440354322046365,6.173053485989208e-06,0.5113093233332594,2.733592832424441
42.82539457310268,47.90576156610967,7449,8462,1014,1014,median,1.0,80,computed,True,False,1.2335665843145363,1.4403445033099862,2.2871018329779028e-05,0.5112997844491965,2.733320321486999
42.82539457310268,47.90576156610967,7449,8462,1014,1014,median,2.0,80,computed,True,False,1.2335664409365223,1.4403516903840563,1.6114697716737165e-06,0.5113067606272065,2.7335196968695707
43.32621623186384,48.40658322487083,7549,8562,1014,1014,ellipse,1.0,80,computed,True,False,1.238624267377398,1.4488002573671404,0.0,0.5251299686582014,2.462992312379371
43.32621623186384,48.40658322487083,7549,8562,1014,1014,ellipse,2.0,80,computed,True,False,1.238624530258021,1.4487988170077446,4.341850029792652e-06,0.5251328307582941,2.463069830993087
43.32621623186384,48.40658322487083,7549,8562,1014,1014,median,1.0,80,computed,True,False,1.238625651026072,1.4487928677412127,2.229429532199551e-05,0.5251452427836318,2.463401151851002
43.32621623186384,48.40658322487083,7549,8562,1014,1014,median,2.0,80,computed,True,False,1.2386258636124106,1.448791707179981,2.5793104087180737e-05,0.5251475591084889,2.4634638353224823
43.827037890625,48.90740488363199,7649,8662,1014,1014,ellipse,1.0,80,computed,True,False,1.2455425858215452,1.455335238993773,0.0,0.5510530573118849,2.7965758349607355
43.827037890625,48.90740488363199,7649,8662,1014,1014,ellipse,2.0,80,computed,True,False,1.2455425345010132,1.4553351841240834,2.1964903548131525e-07,0.5510537226945155,2.79667439997434
43.827037890625,48.90740488363199,7649,8662,1014,1014,median,1.0,80,computed,True,False,1.245542570353244,1.4553352217955875,6.762587069210464e-08,0.5510532568560315,2.7966053293500925
43.827037890625,48.90740488363199,7649,8662,1014,1014,median,2.0,80,computed,True,False,1.2455425215719145,1.4553351697639028,2.7613343444227184e-07,0.5510538896514011,2.7966990696836342
44.32785954938616,49.40822654239315,7749,8762,1014,1014,ellipse,1.0,80,computed,True,False,1.2496493389434506,1.4621272420736438,0.0,0.5548319221599777,2.9209636726390187
44.32785954938616,49.40822654239315,7749,8762,1014,1014,ellipse,2.0,80,computed,True,False,1.2496491899040274,1.4621274104997626,6.66117977981716e-07,0.554831469509079,2.9210826476982508
44.32785954938616,49.40822654239315,7749,8762,1014,1014,median,1.0,80,computed,True,False,1.2496497387501313,1.462126967385753,1.4367167540537194e-06,0.5548329292563955,2.920653342293307
44.32785954938616,49.40822654239315,7749,8762,1014,1014,median,2.0,80,computed,True,False,1.249649649443132,1.4621270346756567,1.1059360524298055e-06,0.5548327086054599,2.92072344487089
44.82868120814732,49.90904820115431,7849,8862,1014,1014,ellipse,1.0,80,computed,True,False,1.2479447866215576,1.4445041268990546,0.0,0.5239811000908798,2.6233840412613123
44.82868120814732,49.90904820115431,7849,8862,1014,1014,ellipse,2.0,80,computed,True,False,1.2479444955330892,1.4445033170437973,2.4802966302150672e-06,0.5239832868524004,2.623443265619913
44.82868120814732,49.90904820115431,7849,8862,1014,1014,median,1.0,80,computed,True,False,1.247944619838412,1.4445036638337716,1.418537167525144e-06,0.5239823583520178,2.6234178498496
44.82868120814732,49.90904820115431,7849,8862,1014,1014,median,2.0,80,computed,True,False,1.2479474355703217,1.4445114507717922,2.24465385017212e-05,0.5239610868857755,2.622856392688714
45.32950286690848,50.409869859915474,7949,8962,1014,1014,ellipse,1.0,80,computed,True,False,1.24015602488127,1.4374759009784115,0.0,0.5094733101690606,2.763459072574882
45.32950286690848,50.409869859915474,7949,8962,1014,1014,ellipse,2.0,80,computed,True,False,1.2401558042674037,1.4374747272567905,3.4340172748077254e-06,0.5094766836883261,2.7635438840992506
45.32950286690848,50.409869859915474,7949,8962,1014,1014,median,1.0,80,computed,True,False,1.2401560514448358,1.4374760422520572,4.1333663584427643e-07,0.50947290493922,2.7634488852286148
45.32950286690848,50.409869859915474,7949,8962,1014,1014,median,2.0,80,computed,True,False,1.2401558352878526,1.4374748922619098,2.9512502252167153e-06,0.5094762095066935,2.7635319567821672
45.83032452566964,50.91069151867663,8049,9062,1014,1014,ellipse,1.0,80,computed,True,False,1.2488805958189328,1.4445477185740494,0.0,0.494647197374088,2.5460434212242258
45.83032452566964,50.91069151867663,8049,9062,1014,1014,ellipse,2.0,80,computed,True,False,1.2488801938043466,1.4445465245961406,3.6118078585572225e-06,0.49464975819541135,2.5460897643056244
45.83032452566964,50.91069151867663,8049,9062,1014,1014,median,1.0,80,computed,True,False,1.2488804373395395,1.4445472480021582,1.4235235157637432e-06,0.4946482066980411,2.5460616838681007
45.83032452566964,50.91069151867663,8049,9062,1014,1014,median,2.0,80,computed,True,False,1.2488800510649927,1.4445461007426779,4.8939981414649135e-06,0.4946506676523887,2.5461062236001366
46.33114618443081,51.4115131774378,8149,9162,1014,1014,ellipse,1.0,80,computed,True,False,1.2516429466723027,1.4403700526062326,0.0,0.4866703959902389,2.2505189215619876
46.33114618443081,51.4115131774378,8149,9162,1014,1014,ellipse,2.0,80,computed,True,False,1.2516427303762256,1.4403691446275795,2.7842398459759856e-06,0.4866699387426811,2.250549299175688
46.33114618443081,51.4115131774378,8149,9162,1014,1014,median,1.0,80,computed,True,False,1.2516426131840601,1.4403686532662368,4.2910557115907795e-06,0.4866696908486512,2.2505657558621515
46.33114618443081,51.4115131774378,8149,9162,1014,1014,median,2.0,80,computed,True,False,1.2516424457538802,1.4403679505414835,6.445921925128632e-06,0.4866693369778977,2.2505892616255347
46.83196784319196,51.91233483619895,8249,9262,1014,1014,ellipse,1.0,80,computed,True,False,1.260890711756705,1.4434734257129285,0.0,0.5048188050413882,2.232482128429592
46.83196784319196,51.91233483619895,8249,9262,1014,1014,ellipse,2.0,80,computed,True,False,1.2608906343758148,1.4434726274864806,2.3870051231694153e-06,0.5048208939692149,2.232512926260091
46.83196784319196,51.91233483619895,8249,9262,1014,1014,median,1.0,80,computed,True,False,1.260890620970769,1.4434724908548922,2.7956322450981346e-06,0.5048212517291484,2.2325181919491883
46.83196784319196,51.91233483619895,8249,9262,1014,1014,median,2.0,80,computed,True,False,1.260890557911575,1.4434718399277802,4.7421433205296526e-06,0.5048229549106844,2.2325433015870906
47.33278950195313,52.41315649496012,8349,9362,1014,1014,ellipse,1.0,80,computed,True,False,1.2647089782694358,1.4572001549752653,0.0,0.5005856458870918,2.4392297492754
47.33278950195313,52.41315649496012,8349,9362,1014,1014,ellipse,2.0,80,computed,True,False,1.2647089995651366,1.4571995507714448,1.8110362809023258e-06,0.5005859719432164,2.439266393722831
47.33278950195313,52.41315649496012,8349,9362,1014,1014,median,1.0,80,computed,True,False,1.2647090271629555,1.4571987692462978,4.153579776620386e-06,0.5005863966006613,2.4393137676758543
47.33278950195313,52.41315649496012,8349,9362,1014,1014,median,2.0,80,computed,True,False,1.2647090449783294,1.457198263940258,5.668181115832255e-06,0.5005866694819849,2.439344394805527
47.83361116071429,52.913978153721274,8449,9462,1014,1014,ellipse,1.0,80,computed,True,False,1.2711162505458737,1.4509065650418145,0.0,0.496762850153706,2.5456149697710635
47.83361116071429,52.913978153721274,8449,9462,1014,1014,ellipse,2.0,80,computed,True,False,1.27111633192959,1.4509051669014386,4.292129208682813e-06,0.4967655391589204,2.545667609551054
47.83361116071429,52.913978153721274,8449,9462,1014,1014,median,1.0,80,computed,True,False,1.2711162359432697,1.450906815118529,7.677147884424603e-07,0.4967623687506919,2.545605554805579
47.83361116071429,52.913978153721274,8449,9462,1014,1014,median,2.0,80,computed,True,False,1.2711162799057194,1.4509060596123555,1.5515992102018846e-06,0.49676382040730593,2.5456339840984277
48.334432819475445,53.414799812482435,8549,9562,1014,1014,ellipse,1.0,80,computed,True,False,1.2674944930204994,1.4726664124369293,0.0,0.47178086086251864,2.6716946072587104
48.334432819475445,53.414799812482435,8549,9562,1014,1014,ellipse,2.0,80,computed,True,False,1.2674944698563786,1.4726662517688387,5.056278583061185e-07,0.4717842967578402,2.671758107751007
48.334432819475445,53.414799812482435,8549,9562,1014,1014,median,1.0,80,computed,True,False,1.2674943913079686,1.4726657137243127,2.199308090792579e-06,0.4717959320353622,2.6719730777219106
48.334432819475445,53.414799812482435,8549,9562,1014,1014,median,2.0,80,computed,True,False,1.2674943865981048,1.4726656794198483,2.307159586996155e-06,0.4717966328942181,2.671986049744576
48.83525447823661,53.9156214712436,8649,9662,1014,1014,ellipse,1.0,80,computed,True,False,1.2734217144973736,1.4614596064299337,0.0,0.4558935612011978,2.582845619032458
48.83525447823661,53.9156214712436,8649,9662,1014,1014,ellipse,2.0,80,computed,True,False,1.2734222982414956,1.4614750214135988,4.9258253833435426e-05,0.45589933077819,2.5822072357355337
48.83525447823661,53.9156214712436,8649,9662,1014,1014,median,1.0,80,computed,True,False,1.2734219632965926,1.4614661756071101,2.0991670596689184e-05,0.4558960186570534,2.5825736142637394
48.83525447823661,53.9156214712436,8649,9662,1014,1014,median,2.0,80,computed,True,False,1.273421961335912,1.4614661191734686,2.0811359414138684e-05,0.4558959981855886,2.582575866977572
49.33607613699777,54.41644313000476,8749,9762,1014,1014,ellipse,1.0,80,computed,True,False,1.2875194394563987,1.4679589416516656,0.0,0.45266878493411156,2.0744967071273988
49.33607613699777,54.41644313000476,8749,9762,1014,1014,ellipse,2.0,80,computed,True,False,1.2875193997929235,1.4679587110716852,7.530425086212055e-07,0.4526686096573855,2.074516015024133
49.33607613699777,54.41644313000476,8749,9762,1014,1014,median,1.0,80,computed,True,False,1.2875188674354088,1.4679556426280973,1.0776641781764915e-05,0.4526662522494424,2.0747739998640626
49.33607613699777,54.41644313000476,8749,9762,1014,1014,median,2.0,80,computed,True,False,1.287519130858144,1.467957161332877,5.8155659604100555e-06,0.4526674189893007,2.074646333224321
49.83689779575893,54.91726478876592,8849,9862,1014,1014,ellipse,1.0,80,computed,True,False,1.291438975695186,1.4594917906894536,0.0,0.5293911093363567,1.4173072529391437
49.83689779575893,54.91726478876592,8849,9862,1014,1014,ellipse,2.0,80,computed,True,False,1.2914351892008347,1.4594911536596094,1.2964985280898291e-05,0.5293548526064731,1.4175224712981216
49.83689779575893,54.91726478876592,8849,9862,1014,1014,median,1.0,80,computed,True,False,1.2913972380214773,1.4594809878370378,0.00014557363729804455,0.5290308040637786,1.4194601494855226
49.83689779575893,54.91726478876592,8849,9862,1014,1014,median,2.0,80,computed,True,False,1.291396515428949,1.4594807893893482,0.00014810358004884233,0.5290246338472078,1.4194970699916005
50.33771945452009,55.41808644752708,8949,9962,1014,1014,ellipse,1.0,80,computed,True,False,1.3066524592432107,1.4727918076616746,0.0,0.5511165605053752,1.3489852174542172
50.33771945452009,55.41808644752708,8949,9962,1014,1014,ellipse,2.0,80,computed,True,False,1.3066549901693678,1.4727939276683752,1.2123661800285662e-05,0.5511010924669684,1.3490682431762693
50.33771945452009,55.41808644752708,8949,9962,1014,1014,median,1.0,80,computed,True,False,1.306658307609882,1.472808602089292,6.530399814004162e-05,0.5510894880362892,1.349447868666071
50.33771945452009,55.41808644752708,8949,9962,1014,1014,median,2.0,80,computed,True,False,1.306658912267013,1.4728111115611855,7.474261911984785e-05,0.5511017547538541,1.3495134442945338
50.83854111328125,55.91890810628824,9049,10062,1014,1014,ellipse,1.0,80,computed,True,False,1.3053585690034923,1.475464231800294,0.0,0.5515016708091173,1.346246416116429
50.83854111328125,55.91890810628824,9049,10062,1014,1014,ellipse,2.0,80,computed,True,False,1.3053585923622968,1.4754641936467148,1.6275408349154165e-07,0.5515018891046966,1.3462456725699679
50.83854111328125,55.91890810628824,9049,10062,1014,1014,median,1.0,80,computed,True,False,1.3053584898414712,1.4754644242994484,7.572331490100652e-07,0.5515007273016458,1.3462504976270058
50.83854111328125,55.91890810628824,9049,10062,1014,1014,median,2.0,80,computed,True,False,1.3053585722982017,1.4754642769740183,1.6478229222153803e-07,0.5515015398953808,1.346247558903091
51.33936277204241,56.41972976504941,9149,10162,1014,1014,ellipse,1.0,80,computed,True,False,1.3101047554939687,1.477014349337038,0.0,0.554842653722244,1.3482792552832445
51.33936277204241,56.41972976504941,9149,10162,1014,1014,ellipse,2.0,80,computed,True,False,1.310105120800583,1.4770133465920094,3.955905275113164e-06,0.5548507305057314,1.348265583488134
51.33936277204241,56.41972976504941,9149,10162,1014,1014,median,1.0,80,computed,True,False,1.3101037627099577,1.4770205639735465,2.3328240604103577e-05,0.554789153530935,1.3483918534740098
51.33936277204241,56.41972976504941,9149,10162,1014,1014,median,2.0,80,computed,True,False,1.310104393801501,1.4770228372541367,3.149120609860226e-05,0.5547668901676731,1.348454842838459
51.84018443080357,56.92055142381056,9249,10262,1014,1014,ellipse,1.0,80,computed,True,False,1.3130505085401278,1.473836075997725,0.0,0.5459119657568029,1.330510519440052
51.84018443080357,56.92055142381056,9249,10262,1014,1014,ellipse,2.0,80,computed,True,False,1.3130480756302692,1.4738326044566623,1.5713614132835196e-05,0.5459294168218807,1.3304401179053653
51.84018443080357,56.92055142381056,9249,10262,1014,1014,median,1.0,80,computed,True,False,1.3130653273231014,1.4738483838800283,7.140492474016301e-05,0.545827376508617,1.3308772035630516
51.84018443080357,56.92055142381056,9249,10262,1014,1014,median,2.0,80,computed,True,False,1.3130655148211465,1.4738493724587032,7.431881710972937e-05,0.5458242761900275,1.3308876603962885
52.34100608956473,57.42137308257172,9349,10362,1014,1014,ellipse,1.0,80,computed,True,False,1.316986320976613,1.469041070426801,0.0,0.486723282861855,1.3827284379733042
52.34100608956473,57.42137308257172,9349,10362,1014,1014,ellipse,2.0,80,computed,True,False,1.3169907292783174,1.4690418821479552,1.7345227474229463e-05,0.48671690218229274,1.3828395186222044
52.34100608956473,57.42137308257172,9349,10362,1014,1014,median,1.0,80,computed,True,False,1.3169908360519063,1.4690418418856999,1.7724822687063406e-05,0.4867170753873421,1.3828417492047347
52.34100608956473,57.42137308257172,9349,10362,1014,1014,median,2.0,80,computed,True,False,1.3169956915560632,1.4690455468791148,4.0185654542349685e-05,0.486694844775252,1.3829851130079909
52.84182774832589,57.92219474133288,9449,10462,1014,1014,ellipse,1.0,80,computed,True,False,1.3162265085883325,1.4665646627823723,0.0,0.4887820290492464,1.3646717329543658
52.84182774832589,57.92219474133288,9449,10462,1014,1014,ellipse,2.0,80,computed,True,False,1.3162264685984075,1.4665646546248088,1.533230432068815e-07,0.4887819271853873,1.3646708550795636
52.84182774832589,57.92219474133288,9449,10462,1014,1014,median,1.0,80,computed,True,False,1.3162269048499093,1.4665647292764235,1.5094395405476334e-06,0.48878280527163737,1.3646805340961932
52.84182774832589,57.92219474133288,9449,10462,1014,1014,median,2.0,80,computed,True,False,1.3162268220556421,1.4665647507150952,1.2230502599964249e-06,0.48878328045820607,1.3646783941107774
53.34264940708705,58.42301640009404,9549,10562,1014,1014,ellipse,1.0,80,computed,True,False,1.3137792143451836,1.4632669214249252,0.0,0.4538596765452526,1.3266490500627
53.34264940708705,58.42301640009404,9549,10562,1014,1014,ellipse,2.0,80,computed,True,False,1.3137792801383792,1.4632669251202821,2.51289810594983e-07,0.45385947105088265,1.3266503542431127
53.34264940708705,58.42301640009404,9549,10562,1014,1014,median,1.0,80,computed,True,False,1.3137796837625881,1.4632669560961546,1.7949424532868855e-06,0.4538581208611456,1.326658215228207
53.34264940708705,58.42301640009404,9549,10562,1014,1014,median,2.0,80,computed,True,False,1.3137764895455812,1.4632667604531182,1.0408809359077357e-05,0.4538681878216843,1.3265950225741863
53.84347106584821,58.9238380588552,9649,10662,1014,1014,ellipse,1.0,80,computed,True,False,1.3129819637626077,1.4666416987240882,0.0,0.46790577012782525,1.3337326540921335
53.84347106584821,58.9238380588552,9649,10662,1014,1014,ellipse,2.0,80,computed,True,False,1.3129819808866483,1.4666416978117796,6.4660925856337e-08,0.46790577965472685,1.3337330059826689
53.84347106584821,58.9238380588552,9649,10662,1014,1014,median,1.0,80,computed,True,False,1.3129809544169129,1.466641473769667,3.89930205251893e-06,0.4679035209479125,1.333711489685174
53.84347106584821,58.9238380588552,9649,10662,1014,1014,median,2.0,80,computed,True,False,1.3129839680177755,1.4666414764681674,7.603738822336959e-06,0.46790594331141405,1.3337741221458788
54.344292724609375,59.424659717616365,9749,10762,1014,1014,ellipse,1.0,80,computed,True,False,1.2973828580435751,1.4674470902937327,0.0,0.47904781403216545,1.3350123566565428
54.344292724609375,59.424659717616365,9749,10762,1014,1014,ellipse,2.0,80,computed,True,False,1.297383194729739,1.467446999942361,1.3042980431744182e-06,0.47904889611361373,1.3350173094137936
54.344292724609375,59.424659717616365,9749,10762,1014,1014,median,1.0,80,computed,True,False,1.297394798434051,1.4674430346581506,4.718225133855062e-05,0.47910437168873893,1.3350990660563784
54.344292724609375,59.424659717616365,9749,10762,1014,1014,median,2.0,80,computed,True,False,1.297380731567024,1.4674485103261627,9.567243800031197e-06,0.4790231257460694,1.3350686313801605
54.845114383370536,59.925481376377526,9849,10862,1014,1014,ellipse,1.0,80,computed,True,False,1.2822069639131524,1.455998227228243,0.0,0.4645738186608931,1.511308620043703
54.845114383370536,59.925481376377526,9849,10862,1014,1014,ellipse,2.0,80,computed,True,False,1.2822069308456192,1.4559982126011777,1.2864491203096877e-07,0.4645739911188073,1.5113100112401683
54.845114383370536,59.925481376377526,9849,10862,1014,1014,median,1.0,80,computed,True,False,1.2822073348092187,1.4559983908010594,1.4422196478124877e-06,0.4645718796801238,1.511293004942594
54.845114383370536,59.925481376377526,9849,10862,1014,1014,median,2.0,80,computed,True,False,1.2822070181572196,1.4559982510758285,2.1081886326921606e-07,0.4645735348621205,1.5113063361586814
55.3459360421317,60.42630303513869,9949,10962,1014,1014,ellipse,1.0,80,computed,True,False,1.281287711228016,1.45139783688961,0.0,0.47014168135225054,1.7033944893241262
55.3459360421317,60.42630303513869,9949,10962,1014,1014,ellipse,2.0,80,computed,True,False,1.2812874410810673,1.4513976834159057,1.0952468655458142e-06,0.4701431746708373,1.7034099700403964
55.3459360421317,60.42630303513869,9949,10962,1014,1014,median,1.0,80,computed,True,False,1.2812851831826233,1.4513964033384608,1.0244730378570077e-05,0.4701556527798385,1.7035394037295244
55.3459360421317,60.42630303513869,9949,10962,1014,1014,median,2.0,80,computed,True,False,1.2812856669164305,1.45139667748915,8.28470181695414e-06,0.4701529788694162,1.7035116734595945
55.84675770089286,60.92712469389985,10049,11062,1014,1014,ellipse,1.0,80,computed,True,False,1.274667197677118,1.4440842128388485,0.0,0.5045556924625693,2.012788024731387
55.84675770089286,60.92712469389985,10049,11062,1014,1014,ellipse,2.0,80,computed,True,False,1.2746671144774007,1.4440841596146727,3.528852924870677e-07,0.5045567881541781,2.0127967990089397
55.84675770089286,60.92712469389985,10049,11062,1014,1014,median,1.0,80,computed,True,False,1.274667225522627,1.4440842303559864,1.1753793855790537e-07,0.5045553255801345,2.012785089230073
55.84675770089286,60.92712469389985,10049,11062,1014,1014,median,2.0,80,computed,True,False,1.2746671616787824,1.4440841896023973,1.5308547710290578e-07,0.5045561663857139,2.012791826066973
56.34757935965402,61.42794635266101,10149,11162,1014,1014,ellipse,1.0,80,computed,True,False,1.2778031081241652,1.4435889122153787,0.0,0.5095029914045779,2.0163335775330395
56.34757935965402,61.42794635266101,10149,11162,1014,1014,ellipse,2.0,80,computed,True,False,1.2778029130603736,1.443588832205892,7.695102050148705e-07,0.509504939474195,2.0163505466003597
56.34757935965402,61.42794635266101,10149,11162,1014,1014,median,1.0,80,computed,True,False,1.2778056101460897,1.4435899382343362,9.869936439446761e-06,0.5094779987182344,2.0161159878944206
56.34757935965402,61.42794635266101,10149,11162,1014,1014,median,2.0,80,computed,True,False,1.2778052002440783,1.4435897712987826,8.254562381009174e-06,0.5094820929639778,2.0161516440502454
56.84840101841518,61.92876801142217,10249,11262,1014,1014,ellipse,1.0,80,computed,True,False,1.2693358055233273,1.4424622951778854,0.0,0.53670225019684,2.2942984577992345
56.84840101841518,61.92876801142217,10249,11262,1014,1014,ellipse,2.0,80,computed,True,False,1.2693355671717075,1.44246190615576,1.6715221575092494e-06,0.5367041764129424,2.2943317511736745
56.84840101841518,61.92876801142217,10249,11262,1014,1014,median,1.0,80,computed,True,False,1.2693365744252574,1.4424635509299586,5.394686817993035e-06,0.5366960344629901,2.294191087131679
56.84840101841518,61.92876801142217,10249,11262,1014,1014,median,2.0,80,computed,True,False,1.2693362630546117,1.442463042729372,3.211089191065395e-06,0.5366985496424184,2.2942345790991823
57.34922267717634,62.42958967018333,10349,11362,1014,1014,ellipse,1.0,80,computed,True,False,1.2664852825521262,1.43932811485297,0.0,0.5542518114014532,2.437231173548848
57.34922267717634,62.42958967018333,10349,11362,1014,1014,ellipse,2.0,80,computed,True,False,1.266485092450604,1.439327722924408,1.6012551959745724e-06,0.5542542820191331,2.437266624865646
57.34922267717634,62.42958967018333,10349,11362,1014,1014,median,1.0,80,computed,True,False,1.266486175424483,1.4393299548517062,7.518097729164283e-06,0.55424020567738,2.437064649368412
57.34922267717634,62.42958967018333,10349,11362,1014,1014,median,2.0,80,computed,True,False,1.2664858925984421,1.4393293695928313,5.128660647523999e-06,0.5542438803447729,2.437117389832325
57.8500443359375,62.93041132894449,10449,11462,1014,1014,ellipse,1.0,80,computed,True,False,1.2668771352986243,1.440858637406292,0.0,0.549954635326502,2.3588403368159367
57.8500443359375,62.93041132894449,10449,11462,1014,1014,ellipse,2.0,80,computed,True,False,1.26687693003692,1.440858547417584,8.40365616649289e-07,0.5499562081241344,2.3588761811394017
57.8500443359375,62.93041132894449,10449,11462,1014,1014,median,1.0,80,computed,True,False,1.2668776009183842,1.4408588396080353,1.903407389012926e-06,0.5499510657546518,2.3587590208567613
57.8500443359375,62.93041132894449,10449,11462,1014,1014,median,2.0,80,computed,True,False,1.2668773454549689,1.4408587271299436,8.568151425645341e-07,0.5499530225014658,2.3588036307034663
58.35086599469866,63.43123298770565,10549,11562,1014,1014,ellipse,1.0,80,computed,True,False,1.2650326067094886,1.4360460571954243,0.0,0.5902328692443986,2.373726393467371
58.35086599469866,63.43123298770565,10549,11562,1014,1014,ellipse,2.0,80,computed,True,False,1.2650324744320773,1.4360463159786623,1.1375909540489237e-06,0.5902349206061318,2.373759599620663
58.35086599469866,63.43123298770565,10549,11562,1014,1014,median,1.0,80,computed,True,False,1.26503240314623,1.436046456146733,1.7531157417365096e-06,0.5902360262705572,2.3737774980163233
58.35086599469866,63.43123298770565,10549,11562,1014,1014,median,2.0,80,computed,True,False,1.2650335768502623,1.4360439770509315,8.984109382476132e-06,0.5902172848869248,2.3734774477493317
58.85168765345982,63.93205464646681,10649,11662,1014,1014,ellipse,1.0,80,computed,True,False,1.2645472181490032,1.4333839414777658,0.0,0.5826289830791634,2.291598927807953
58.85168765345982,63.93205464646681,10649,11662,1014,1014,ellipse,2.0,80,computed,True,False,1.264547128098211,1.4333851173276877,4.614667915082622e-06,0.5826290977777988,2.2916424820204058
58.85168765345982,63.93205464646681,10649,11662,1014,1014,median,1.0,80,computed,True,False,1.2645471517380027,1.4333848088379226,3.403983708438314e-06,0.5826290667613919,2.2916310309945893
58.85168765345982,63.93205464646681,10649,11662,1014,1014,median,2.0,80,computed,True,False,1.2645470699840649,1.4333858757400564,7.591095840808858e-06,0.5826291710852022,2.291670555777665
59.35250931222098,64.43287630522798,10749,11762,1014,1014,ellipse,1.0,80,computed,True,False,1.2651642950900528,1.436367928746982,0.0,0.5653085999050828,2.174175520362154
59.35250931222098,64.43287630522798,10749,11762,1014,1014,ellipse,2.0,80,computed,True,False,1.2651642266953869,1.4363684611369567,2.056020998809445e-06,0.5653101631350282,2.17419519342329
59.35250931222098,64.43287630522798,10749,11762,1014,1014,median,1.0,80,computed,True,False,1.2651642752718,1.436368083091019,5.960518135306363e-07,0.5653090532771766,2.174181219978163
59.35250931222098,64.43287630522798,10749,11762,1014,1014,median,2.0,80,computed,True,False,1.2651642066369964,1.4363686173342156,2.6592307185642994e-06,0.5653106219318464,2.1742009630557035
59.85333097098214,64.93369796398913,10849,11862,1014,1014,ellipse,1.0,80,computed,True,False,1.2699277677433325,1.4394010071051844,0.0,0.5576721497623855,2.049105192101266
59.85333097098214,64.93369796398913,10849,11862,1014,1014,ellipse,2.0,80,computed,True,False,1.2699276252548877,1.439401488499915,1.9343584646301935e-06,0.5576730851001614,2.04912626571549
59.85333097098214,64.93369796398913,10849,11862,1014,1014,median,1.0,80,computed,True,False,1.2699281219669183,1.4393998097704337,4.8109826166476454e-06,0.5576698245988538,2.0490528244354187
59.85333097098214,64.93369796398913,10849,11862,1014,1014,median,2.0,80,computed,True,False,1.2699280473995247,1.4394000616672593,3.798792303971898e-06,0.557670315636924,2.0490638585405345
60.354152629743304,65.4345196227503,10949,11962,1014,1014,ellipse,1.0,80,computed,True,False,1.2691342814271744,1.4235432656888287,0.0,0.5656927253309519,1.7802441344910211
60.354152629743304,65.4345196227503,10949,11962,1014,1014,ellipse,2.0,80,computed,True,False,1.2691340357663643,1.4235438155447135,2.419229324419156e-06,0.5656907033982749,1.7802675493931286
60.354152629743304,65.4345196227503,10949,11962,1014,1014,median,1.0,80,computed,True,False,1.2691359036360275,1.4235396240899605,1.6014341068823994e-05,0.5657060861447333,1.7800893099109523
60.354152629743304,65.4345196227503,10949,11962,1014,1014,median,2.0,80,computed,True,False,1.2691329073993791,1.423546334423046,1.3506588592789738e-05,0.5656814227965468,1.780374866426059
60.854974288504465,65.93534128151146,11049,12062,1014,1014,ellipse,1.0,80,not_converged,False,False,1.2799703753955427,1.4310859737071826,0.0,0.539633959114875,1.5722252526801366
60.854974288504465,65.93534128151146,11049,12062,1014,1014,ellipse,1.0,320,computed,True,False,1.2799591030574198,1.4310911062512226,4.830586038195053e-05,0.5396298708348454,1.5726493291924108
60.854974288504465,65.93534128151146,11049,12062,1014,1014,ellipse,2.0,80,not_converged,False,False,1.2799701458392903,1.4310860781620236,9.836192447262445e-07,0.539633874385398,1.5722338934093611
60.854974288504465,65.93534128151146,11049,12062,1014,1014,ellipse,2.0,320,computed,True,False,1.2799588925906036,1.4310912019301836,4.920753895636935e-05,0.5396297924530609,1.5726572476960492
60.854974288504465,65.93534128151146,11049,12062,1014,1014,median,1.0,80,not_converged,False,False,1.279996837464108,1.431073900134438,0.0001134392295369811,0.5395886770960749,1.5712288563716585
60.854974288504465,65.93534128151146,11049,12062,1014,1014,median,1.0,320,computed,True,False,1.2799596457355453,1.4310908593941467,4.5980679070558855e-05,0.5396300709925281,1.572628919409283
60.854974288504465,65.93534128151146,11049,12062,1014,1014,median,2.0,80,not_converged,False,False,1.2800398765254195,1.4310541870648712,0.00029806503179915454,0.5394711026408343,1.5696056174461144
60.854974288504465,65.93534128151146,11049,12062,1014,1014,median,2.0,320,computed,True,False,1.2799676081835174,1.431087234293232,1.185945041608365e-05,0.5396329616813009,1.5723293835133727
61.35579594726563,66.43616294027262,11149,12162,1014,1014,ellipse,1.0,80,computed,True,False,1.2717174197975392,1.4120918362330144,0.0,0.5312025037884054,1.5794818302508145
61.35579594726563,66.43616294027262,11149,12162,1014,1014,ellipse,2.0,80,computed,True,False,1.2717170927120411,1.4120924305947378,2.681436333994945e-06,0.5312020910967421,1.5795081014530206
61.35579594726563,66.43616294027262,11149,12162,1014,1014,median,1.0,80,computed,True,False,1.2717163803395959,1.412093725111766,8.521557282665378e-06,0.531201193280045,1.5795653035734025
61.35579594726563,66.43616294027262,11149,12162,1014,1014,median,2.0,80,computed,True,False,1.271715710217988,1.4120949435829826,1.4017835412322104e-05,0.5312003487628079,1.5796191471707297
61.85661760602679,66.93698459903378,11249,12262,1014,1014,ellipse,1.0,80,computed,True,False,1.2726975917378107,1.4083145323170954,0.0,0.5044268460341058,1.5930154028722752
61.85661760602679,66.93698459903378,11249,12262,1014,1014,ellipse,2.0,80,computed,True,False,1.2726975108402656,1.408314801754378,1.0804842769211987e-06,0.5044278853954183,1.5930229232274165
61.85661760602679,66.93698459903378,11249,12262,1014,1014,median,1.0,80,computed,True,False,1.2726979951773518,1.4083131903482986,5.382070829771115e-06,0.504421664862322,1.5929779337976344
61.85661760602679,66.93698459903378,11249,12262,1014,1014,median,2.0,80,computed,True,False,1.2726979101478508,1.4083134735052452,4.246554692199832e-06,0.5044227571814588,1.5929858379529065
62.35743926478795,67.43780625779495,11349,12362,1014,1014,ellipse,1.0,80,computed,True,False,1.269107490926027,1.4441055384441066,0.0,0.4381825007525316,1.9339812094364848
62.35743926478795,67.43780625779495,11349,12362,1014,1014,ellipse,2.0,80,computed,True,False,1.2691074349386353,1.444105814252165,9.407974837030427e-07,0.4381820091888064,1.9339881799086711
62.35743926478795,67.43780625779495,11349,12362,1014,1014,median,1.0,80,computed,True,False,1.2691077924547367,1.4441040555027844,5.058733017676067e-06,0.4381851439500206,1.933943712450302
62.35743926478795,67.43780625779495,11349,12362,1014,1014,median,2.0,80,computed,True,False,1.2691077237247674,1.444104393829747,3.904645567711752e-06,0.4381845409198528,1.9339522636389301
62.85826092354911,67.9386279165561,11449,12462,1014,1014,ellipse,1.0,80,computed,True,False,1.2748594543710368,1.4416473069886098,0.0,0.428332976554162,1.7611413463570482
62.85826092354911,67.9386279165561,11449,12462,1014,1014,ellipse,2.0,80,computed,True,False,1.2748594066995373,1.4416474359429488,4.562104730938879e-07,0.4283333785164084,1.7611451872009454
62.85826092354911,67.9386279165561,11449,12462,1014,1014,median,1.0,80,computed,True,False,1.2748594019488426,1.4416474485690156,5.009742706167311e-07,0.4283334184114707,1.7611455657214927
62.85826092354911,67.9386279165561,11449,12462,1014,1014,median,2.0,80,computed,True,False,1.274859356795828,1.4416475706958891,9.33037031059205e-07,0.42833379906891644,1.7611492028770406
63.359082582310265,68.43944957531725,11549,12562,1014,1014,ellipse,1.0,80,computed,True,False,1.2775991665658826,1.443951270987943,0.0,0.42316112771756775,1.67175905956088
63.359082582310265,68.43944957531725,11549,12562,1014,1014,ellipse,2.0,80,computed,True,False,1.277599116097769,1.4439513636116141,3.490684965587685e-07,0.42316083022629236,1.6717621818264154
63.359082582310265,68.43944957531725,11549,12562,1014,1014,median,1.0,80,computed,True,False,1.277599032135853,1.4439515166417414,9.267091232342469e-07,0.42316033429887717,1.6717673615926745
63.359082582310265,68.43944957531725,11549,12562,1014,1014,median,2.0,80,computed,True,False,1.2775989931372238,1.4439515881942944,1.196385486915747e-06,0.4231601047454284,1.671769774233461
63.859904241071426,68.94027123407842,11649,12662,1014,1014,ellipse,1.0,80,computed,True,False,1.2832450322222302,1.4419581693465713,0.0,0.4181726486480644,1.4344367278202201
63.859904241071426,68.94027123407842,11649,12662,1014,1014,ellipse,2.0,80,computed,True,False,1.283244988296477,1.4419582123579637,2.0346830550084333e-07,0.41817246160658256,1.4344384909811316
63.859904241071426,68.94027123407842,11649,12662,1014,1014,median,1.0,80,computed,True,False,1.2832446648703486,1.4419585279629188,1.6990901630440158e-06,0.41817108243922324,1.434451452996241
63.859904241071426,68.94027123407842,11649,12662,1014,1014,median,2.0,80,computed,True,False,1.2832446482820774,1.4419585443973841,1.7763713610071553e-06,0.4181710115426277,1.4344521226820823
64.36072589983259,69.44109289283958,11749,12762,1014,1014,ellipse,1.0,80,computed,True,False,1.2816249058270563,1.446663211135163,0.0,0.43048956319855003,1.579486489116872
64.36072589983259,69.44109289283958,11749,12762,1014,1014,ellipse,2.0,80,computed,True,False,1.2816248618516413,1.446663281593757,2.76231444600332e-07,0.4304891676809884,1.579489785016538
64.36072589983259,69.44109289283958,11749,12762,1014,1014,median,1.0,80,computed,True,False,1.281625057155514,1.4466629690752466,9.494335989151958e-07,0.43049092243508813,1.5794751564636096
64.36072589983259,69.44109289283958,11749,12762,1014,1014,median,2.0,80,computed,True,False,1.281624990735358,1.4466630754242427,5.324164237056441e-07,0.43049032557403355,1.579480132763309
64.86154755859374,69.94191455160073,11849,12862,1014,1014,ellipse,1.0,80,computed,True,False,1.281358711344709,1.451532761265298,0.0,0.4298218566466905,1.5517611979332786
64.86154755859374,69.94191455160073,11849,12862,1014,1014,ellipse,2.0,80,computed,True,False,1.2813586767648977,1.4515327976156989,1.6709735955658774e-07,0.42982189018921146,1.5517632203849951
64.86154755859374,69.94191455160073,11849,12862,1014,1014,median,1.0,80,computed,True,False,1.2813594640307906,1.4515319840817356,3.6034056915614754e-06,0.42982116726401876,1.5517172174119362
64.86154755859374,69.94191455160073,11849,12862,1014,1014,median,2.0,80,computed,True,False,1.2813594794838894,1.4515319681292311,3.6773773065941925e-06,0.42982115289319983,1.5517163186060772
65.36236921735491,70.4427362103619,11949,12962,1014,1014,ellipse,1.0,80,computed,True,False,1.2857424113746236,1.4572822826322283,0.0,0.4303953423434668,1.5361308830270324
65.36236921735491,70.4427362103619,11949,12962,1014,1014,ellipse,2.0,80,computed,True,False,1.2857423837205657,1.457282289351992,9.543577523068216e-08,0.43039513582151556,1.5361323191275986
65.36236921735491,70.4427362103619,11949,12962,1014,1014,median,1.0,80,computed,True,False,1.2857423933284977,1.4572822869954676,6.226097235409205e-08,0.43039520823116567,1.5361318184736283
65.36236921735491,70.4427362103619,11949,12962,1014,1014,median,2.0,80,computed,True,False,1.2857425029244722,1.4572822608706761,3.1556420918747774e-07,0.4303960249933802,1.536126139158354
65.86319087611608,70.94355786912307,12049,13062,1014,1014,ellipse,1.0,80,computed,True,False,1.2819007193624465,1.459847404619923,0.0,0.41543623286004633,1.5718329261974318
65.86319087611608,70.94355786912307,12049,13062,1014,1014,ellipse,2.0,80,computed,True,False,1.2819006734612413,1.4598474074995587,1.540169863334495e-07,0.4154362289940101,1.5718352972335479
65.86319087611608,70.94355786912307,12049,13062,1014,1014,median,1.0,80,computed,True,False,1.2818997838344497,1.4598474615381076,3.1387062225344397e-06,0.41543614050178795,1.5718811509965314
65.86319087611608,70.94355786912307,12049,13062,1014,1014,median,2.0,80,computed,True,False,1.2818998063970446,1.4598474603092144,3.063037768865178e-06,0.4154361442166317,1.5718799917004997
66.36401253487723,71.44437952788422,12149,13162,1014,1014,ellipse,1.0,80,computed,True,False,1.2883098455563025,1.462489547554716,0.0,0.41024058694955134,1.5383832988651598
66.36401253487723,71.44437952788422,12149,13162,1014,1014,ellipse,2.0,80,computed,True,False,1.2883098251677751,1.4624895468692527,6.882593999043937e-08,0.41024080414236785,1.5383843628237308
66.36401253487723,71.44437952788422,12149,13162,1014,1014,median,1.0,80,computed,True,False,1.2883111147745252,1.4624895861299791,4.284082064020222e-06,0.4102270349100852,1.5383172507725922
66.36401253487723,71.44437952788422,12149,13162,1014,1014,median,2.0,80,computed,True,False,1.28831066343603,1.462489752603335,2.8447708868899715e-06,0.4102314090730901,1.5383465770837115
66.86483419363839,71.94520118664538,12249,13262,1014,1014,ellipse,1.0,80,computed,True,False,1.2905980154901653,1.4766433773527687,0.0,0.43041611902451427,1.3499159329872692
66.86483419363839,71.94520118664538,12249,13262,1014,1014,ellipse,2.0,80,computed,True,False,1.2905980178340786,1.4766433784814361,9.344389125520372e-09,0.4304161294193069,1.3499158519371521
66.86483419363839,71.94520118664538,12249,13262,1014,1014,median,1.0,80,computed,True,False,1.2906015434792006,1.4766453132467294,1.4454692414784439e-05,0.4304330222653683,1.3497855906391714
66.86483419363839,71.94520118664538,12249,13262,1014,1014,median,2.0,80,computed,True,False,1.2906011112133036,1.4766450761793757,1.2683855522202845e-05,0.4304309504231795,1.3498015692555225
67.36565585239956,72.44602284540655,12349,13362,1014,1014,ellipse,1.0,80,computed,True,False,1.306197725537582,1.4793912667240936,0.0,0.4581867362594193,1.138354560191945
67.36565585239956,72.44602284540655,12349,13362,1014,1014,ellipse,2.0,80,computed,True,False,1.3061977256540416,1.4793912688919653,8.145482359390679e-09,0.45818672601204463,1.1383546508082107
67.36565585239956,72.44602284540655,12349,13362,1014,1014,median,1.0,80,computed,True,False,1.3061985174868962,1.479390397076806,4.41308575390842e-06,0.4581898524856622,1.1383142415966323
67.36565585239956,72.44602284540655,12349,13362,1014,1014,median,2.0,80,computed,True,False,1.3061992926506356,1.4793892876097559,9.471537182991118e-06,0.4581940549772348,1.1382642099686502
67.86647751116072,72.94684450416771,12449,13462,1014,1014,ellipse,1.0,80,computed,True,False,1.3062585154439637,1.4753001155907663,0.0,0.4552860128105672,1.0895482527005433
67.86647751116072,72.94684450416771,12449,13462,1014,1014,ellipse,2.0,80,computed,True,False,1.30625851925596,1.4753001080979684,3.1592397282514386e-08,0.45528592374050186,1.0895481089901813
67.86647751116072,72.94684450416771,12449,13462,1014,1014,median,1.0,80,computed,True,False,1.3062593589992868,1.475298357692174,7.3273851574540696e-06,0.45526393071600385,1.0895135746004225
67.86647751116072,72.94684450416771,12449,13462,1014,1014,median,2.0,80,computed,True,False,1.3062584817164367,1.4753013106097361,4.492648966057044e-06,0.45529423817845954,1.0895810348174082
68.36729916992188,73.44766616292887,12549,13562,1014,1014,ellipse,1.0,80,computed,True,False,1.305755179113003,1.4806779658681488,0.0,0.4613400558964062,1.1388580054558595
68.36729916992188,73.44766616292887,12549,13562,1014,1014,ellipse,2.0,80,computed,True,False,1.3057551835202692,1.4806779643765824,1.7572516527065036e-08,0.4613401023752513,1.1388578164281888
68.36729916992188,73.44766616292887,12549,13562,1014,1014,median,1.0,80,computed,True,False,1.3057570054707701,1.4806785614020852,7.255125040285265e-06,0.4613506385142052,1.1388523701438873
68.36729916992188,73.44766616292887,12549,13562,1014,1014,median,2.0,80,computed,True,False,1.3057562366526962,1.4806785675167031,4.5951819205945e-06,0.46134433839197725,1.1388713101567356
68.86812082868303,73.94848782169002,12649,13662,1014,1014,ellipse,1.0,80,computed,True,False,1.3055777581946593,1.4753146416559486,0.0,0.4536917471732439,1.1872627804337343
68.86812082868303,73.94848782169002,12649,13662,1014,1014,ellipse,2.0,80,computed,True,False,1.3055777531891948,1.4753146416305054,1.88201623690786e-08,0.45369172157455523,1.187262985507296
68.86812082868303,73.94848782169002,12649,13662,1014,1014,median,1.0,80,computed,True,False,1.3055765233364474,1.4753148764402215,4.726086896062707e-06,0.45368499018464753,1.1873162586556134
68.86812082868303,73.94848782169002,12649,13662,1014,1014,median,2.0,80,computed,True,False,1.3055791232799585,1.475314565310815,5.14057027102313e-06,0.45370060754685415,1.187214417052144
69.3689424874442,74.44930948045119,12749,13762,1014,1014,ellipse,1.0,80,computed,True,False,1.3097879967111383,1.4699694157761314,0.0,0.444108469958572,1.1942829058962348
69.3689424874442,74.44930948045119,12749,13762,1014,1014,ellipse,2.0,80,computed,True,False,1.309788000158455,1.4699694161146541,1.2779311230476945e-08,0.4441084521299038,1.1942827981870463
69.3689424874442,74.44930948045119,12749,13762,1014,1014,median,1.0,80,computed,True,False,1.3097884045085966,1.4699695281410026,1.5605490005391422e-06,0.4441031602655042,1.194260975218212
69.3689424874442,74.44930948045119,12749,13762,1014,1014,median,2.0,80,computed,True,False,1.3097895537944124,1.469969832120266,5.946335975093483e-06,0.4440955849202431,1.19420077363473
69.86976414620536,74.95013113921235,12849,13862,1014,1014,ellipse,1.0,80,computed,True,False,1.311973447443282,1.474397800032404,0.0,0.45306072848258083,1.200912350204695
69.86976414620536,74.95013113921235,12849,13862,1014,1014,ellipse,2.0,80,computed,True,False,1.3119734498411277,1.4743978010990875,9.828544925340586e-09,0.4530607032360326,1.2009122018506113
69.86976414620536,74.95013113921235,12849,13862,1014,1014,median,1.0,80,computed,True,False,1.3119735409850894,1.4743978347970588,3.7373122649099964e-07,0.453060975190493,1.2009072557738727
69.86976414620536,74.95013113921235,12849,13862,1014,1014,median,2.0,80,computed,True,False,1.3119748756657719,1.4743983907551155,5.7882403129026225e-06,0.4530492408068824,1.2008267085981963
70.37058580496651,75.4509527979735,12949,13962,1014,1014,ellipse,1.0,80,computed,True,False,1.3093592395343527,1.4700180097773203,0.0,0.4562222921308981,1.2172192000561677
70.37058580496651,75.4509527979735,12949,13962,1014,1014,ellipse,2.0,80,computed,True,False,1.3093592226192157,1.470017992806058,8.943300221708941e-08,0.456222351208912,1.21722020594793
70.37058580496651,75.4509527979735,12949,13962,1014,1014,median,1.0,80,computed,True,False,1.3093571047638397,1.4700159385060738,1.1101837237030106e-05,0.45623013078395935,1.217345091536269
70.37058580496651,75.4509527979735,12949,13962,1014,1014,median,2.0,80,computed,True,False,1.3093584892490664,1.4700172485597116,3.9892580564878905e-06,0.4562243118076627,1.2172636494991744
70.87140746372768,75.95177445673467,13049,14062,1014,1014,ellipse,1.0,80,computed,True,False,1.3114858517180028,1.4666387812817334,0.0,0.45725655830112993,1.150848866734098
70.87140746372768,75.95177445673467,13049,14062,1014,1014,ellipse,2.0,80,computed,True,False,1.3114858179286575,1.4666387393865343,2.0499014552090851e-07,0.4572568156275601,1.1508514529420155
70.87140746372768,75.95177445673467,13049,14062,1014,1014,median,1.0,80,computed,True,False,1.3114928027531887,1.466647419752103,4.222900774717438e-05,0.45720322959311677,1.1503164865012045
70.87140746372768,75.95177445673467,13049,14062,1014,1014,median,2.0,80,computed,True,False,1.3114924931652885,1.466646829695227,3.974200307365698e-05,0.4572019978169196,1.1503487249932511
71.37222912248885,76.45259611549584,13149,14162,1014,1014,ellipse,1.0,80,computed,True,False,1.3092765459045566,1.4655054451810152,0.0,0.44574664672128567,1.126990374346649
71.37222912248885,76.45259611549584,13149,14162,1014,1014,ellipse,2.0,80,computed,True,False,1.3092765341052617,1.4655054041480948,1.6074968460799736e-07,0.44574656977975585,1.1269926047391081
71.37222912248885,76.45259611549584,13149,14162,1014,1014,median,1.0,80,computed,True,False,1.3092785349234008,1.465512395701233,2.7219189429296913e-05,0.44575891451520405,1.1266129895713952
71.37222912248885,76.45259611549584,13149,14162,1014,1014,median,2.0,80,computed,True,False,1.3092784603683911,1.465512148821023,2.6248330794530978e-05,0.44575828518495914,1.1266267383820052
71.87305078125,76.95341777425699,13249,14262,1014,1014,ellipse,1.0,80,computed,True,False,1.3077750332290075,1.4597235470506746,0.0,0.4240003607028385,1.1586225727127106
71.87305078125,76.95341777425699,13249,14262,1014,1014,ellipse,2.0,80,computed,True,False,1.3077750304722955,1.4597235042375143,1.5475617492141243e-07,0.4239997508025337,1.1586244182948524
71.87305078125,76.95341777425699,13249,14262,1014,1014,median,1.0,80,computed,True,False,1.3077751848775763,1.459725616834278,7.486171626898965e-06,0.42403010224869647,1.1585336497117995
71.87305078125,76.95341777425699,13249,14262,1014,1014,median,2.0,80,computed,True,False,1.3077750425975732,1.459723489540809,2.1018516084590732e-07,0.4239997134182521,1.158625646452788
72.37387244001116,77.45423943301815,13349,14362,1014,1014,ellipse,1.0,80,computed,True,False,1.309861044701604,1.4580481577389084,0.0,0.42223211082027173,1.1018613514247482
72.37387244001116,77.45423943301815,13349,14362,1014,1014,ellipse,2.0,80,computed,True,False,1.3098610417842305,1.4580481469515418,4.019561440101191e-08,0.42223229945990154,1.1018618006682008
72.37387244001116,77.45423943301815,13349,14362,1014,1014,median,1.0,80,computed,True,False,1.3098623394725837,1.458054428518991,2.303150636433551e-05,0.42212568577557213,1.1015999579408742
72.37387244001116,77.45423943301815,13349,14362,1014,1014,median,2.0,80,computed,True,False,1.309863172705678,1.4580569371944445,3.249372130793238e-05,0.4220800598729514,1.1014936410392249
72.87469409877232,77.95506109177931,13449,14462,1014,1014,ellipse,1.0,80,computed,True,False,1.3094381824826369,1.4604184493270687,0.0,0.42656360048954767,1.144751329103297
72.87469409877232,77.95506109177931,13449,14462,1014,1014,ellipse,2.0,80,computed,True,False,1.3094381091875995,1.4604183391151226,4.7286686078863687e-07,0.4265645081180697,1.1447557015012337
72.87469409877232,77.95506109177931,13449,14462,1014,1014,median,1.0,80,computed,True,False,1.309441234578883,1.4604221391968069,1.710772900897309e-05,0.4265168904493444,1.144584704577522
72.87469409877232,77.95506109177931,13449,14462,1014,1014,median,2.0,80,computed,True,False,1.309441547715475,1.4604226067744968,1.910903796837411e-05,0.4265130023784624,1.1445660647456448
73.37551575753349,78.45588275054048,13549,14562,1014,1014,ellipse,1.0,80,computed,True,False,1.3057640162258375,1.4541541077223512,0.0,0.42483706265492455,1.047237142693813
73.37551575753349,78.45588275054048,13549,14562,1014,1014,ellipse,2.0,80,computed,True,False,1.3057640162066404,1.4541541087632384,3.792462731143916e-09,0.4248370452821128,1.0472371946375532
73.37551575753349,78.45588275054048,13549,14562,1014,1014,median,1.0,80,computed,True,False,1.305763935850546,1.4541540320157182,4.022310871771567e-07,0.42484097816509114,1.0472220471184983
73.37551575753349,78.45588275054048,13549,14562,1014,1014,median,2.0,80,computed,True,False,1.305763938739379,1.4541540294066975,4.013361849765492e-07,0.424840920179566,1.0472223463550254
73.87633741629465,78.95670440930164,13649,14662,1014,1014,ellipse,1.0,80,computed,True,False,1.3030325136435448,1.4566236391533773,0.0,0.4317299768632233,1.079586017125737
73.87633741629465,78.95670440930164,13649,14662,1014,1014,ellipse,2.0,80,computed,True,False,1.3030325131809253,1.4566236402592423,4.364400553245169e-09,0.43172994605547926,1.079586077482722
73.87633741629465,78.95670440930164,13649,14662,1014,1014,median,1.0,80,computed,True,False,1.3030327553144923,1.456623080526219,2.2160480768437396e-06,0.4317455254226093,1.0795575247331861
73.87633741629465,78.95670440930164,13649,14662,1014,1014,median,2.0,80,computed,True,False,1.3030326973762065,1.4566232129411354,1.689820940507085e-06,0.43174211604935236,1.079563607194915
74.3771590750558,79.45752606806279,13749,14762,1014,1014,ellipse,1.0,80,computed,True,False,1.2999653895456413,1.4619307499450405,0.0,0.43676990181393094,1.130785313688751
74.3771590750558,79.45752606806279,13749,14762,1014,1014,ellipse,2.0,80,computed,True,False,1.2999653854852211,1.4619307624487186,4.914783638369487e-08,0.43676990179786174,1.130786573674113
74.3771590750558,79.45752606806279,13749,14762,1014,1014,median,1.0,80,computed,True,False,1.2999651169782074,1.4619316196800272,3.4074271565049244e-06,0.4367697672635055,1.1308710173592167
74.3771590750558,79.45752606806279,13749,14762,1014,1014,median,2.0,80,computed,True,False,1.299965155314228,1.4619314968401056,2.926347815222642e-06,0.43676979337775484,1.1308590111227999
74.87798073381697,79.95834772682396,13849,14862,1014,1014,ellipse,1.0,80,computed,True,False,1.2945897253828527,1.4626569374120162,0.0,0.43735319469331946,1.1633225387159876
74.87798073381697,79.95834772682396,13849,14862,1014,1014,ellipse,2.0,80,computed,True,False,1.2945897133855813,1.4626569451897193,5.359441973654068e-08,0.4373532654605952,1.1633244414707276
74.87798073381697,79.95834772682396,13849,14862,1014,1014,median,1.0,80,computed,True,False,1.2945899057503922,1.4626568183929403,8.100267096228027e-07,0.43735214344141304,1.1632938507250068
74.87798073381697,79.95834772682396,13849,14862,1014,1014,median,2.0,80,computed,True,False,1.2945901038426788,1.4626566876379634,1.6997372054702165e-06,0.43735098397862693,1.163262312786681
75.37880239257812,80.45916938558511,13949,14962,1014,1014,ellipse,1.0,80,computed,True,False,1.2916171737469149,1.4617518876929636,0.0,0.4517155161158908,1.3574932336754215
75.37880239257812,80.45916938558511,13949,14962,1014,1014,ellipse,2.0,80,computed,True,False,1.2916171059463148,1.4617518753128478,2.6272135062207316e-07,0.45171581006197453,1.3574972434595607
75.37880239257812,80.45916938558511,13949,14962,1014,1014,median,1.0,80,computed,True,False,1.2916179448542826,1.4617520282969347,2.9878382213696673e-06,0.4517121696284333,1.357447606280251
75.37880239257812,80.45916938558511,13949,14962,1014,1014,median,2.0,80,computed,True,False,1.2916170781032408,1.4617518702408745,3.7060255452152046e-07,0.45171593084357503,1.3574988898029285
75.87962405133928,80.95999104434627,14049,15062,1014,1014,ellipse,1.0,80,computed,True,False,1.287542120065727,1.4558537711110429,0.0,0.47269107604793287,1.4545921096131718
75.87962405133928,80.95999104434627,14049,15062,1014,1014,ellipse,2.0,80,computed,True,False,1.2875420020968165,1.4558537762567525,4.492740682154938e-07,0.47269065869842547,1.454597803772617
75.87962405133928,80.95999104434627,14049,15062,1014,1014,median,1.0,80,computed,True,False,1.2875437087806592,1.455853700918615,6.050628211563514e-06,0.4726967035477684,1.454515361386198
75.87962405133928,80.95999104434627,14049,15062,1014,1014,median,2.0,80,computed,True,False,1.28754292989035,1.455853735274795,3.0842303686934596e-06,0.47269394475515664,1.4545529883059973
76.38044571010045,81.46081270310744,14149,15162,1014,1014,ellipse,1.0,80,computed,True,False,1.2839627957007034,1.460637438838194,0.0,0.4738803116656206,1.418754433364928
76.38044571010045,81.46081270310744,14149,15162,1014,1014,ellipse,2.0,80,computed,True,False,1.2839627498309367,1.4606374317706279,1.7803747805337915e-07,0.47388013404880525,1.4187579656535036
76.38044571010045,81.46081270310744,14149,15162,1014,1014,median,1.0,80,computed,True,False,1.2839633508874662,1.460637523549456,2.1544012051859742e-06,0.4738824926057003,1.4187115782328517
76.38044571010045,81.46081270310744,14149,15162,1014,1014,median,2.0,80,computed,True,False,1.2839633653459834,1.4606375257085806,2.2104802791299514e-06,0.4738825502932943,1.4187104566285431
76.88126736886161,81.9616343618686,14249,15262,1014,1014,ellipse,1.0,80,computed,True,False,1.2857356917516622,1.4613717788037233,0.0,0.466433365190427,1.1942435162386658
76.88126736886161,81.9616343618686,14249,15262,1014,1014,ellipse,2.0,80,computed,True,False,1.2857356769293329,1.4613717721768311,6.169578053428645e-08,0.46643429938443026,1.1942433892276954
76.88126736886161,81.9616343618686,14249,15262,1014,1014,median,1.0,80,computed,True,False,1.285757733413061,1.4613818341813554,9.205926593209754e-05,0.4650564494210269,1.1944667606373804
76.88126736886161,81.9616343618686,14249,15262,1014,1014,median,2.0,80,computed,True,False,1.2857445422935334,1.46138000911576,4.5925018440665754e-05,0.4656034192404371,1.194227764207375
77.38208902762277,82.46245602062976,14349,15362,1014,1014,ellipse,1.0,80,computed,True,False,1.27795324852283,1.463590468095454,0.0,0.4431510642139451,1.3874843131109265
77.38208902762277,82.46245602062976,14349,15362,1014,1014,ellipse,2.0,80,computed,True,False,1.2779532301350174,1.4635904608475498,7.427121374955228e-08,0.44315170396473025,1.3874870169466071
77.38208902762277,82.46245602062976,14349,15362,1014,1014,median,1.0,80,computed,True,False,1.2779529760595632,1.463590361349756,1.099626671930736e-06,0.4431605360813002,1.387524299326154
77.38208902762277,82.46245602062976,14349,15362,1014,1014,median,2.0,80,computed,True,False,1.2779528450687583,1.4635903099055447,1.6284595756086454e-06,0.44316509074064697,1.387543530164718
77.88291068638392,82.96327767939091,14449,15462,1014,1014,ellipse,1.0,80,computed,True,False,1.275407406534393,1.4693250275797165,0.0,0.43344812207109656,1.4036159092922493
77.88291068638392,82.96327767939091,14449,15462,1014,1014,ellipse,2.0,80,computed,True,False,1.2754073982684984,1.4693250364599855,4.462988261642725e-08,0.43344782689880373,1.4036189750239867
77.88291068638392,82.96327767939091,14449,15462,1014,1014,median,1.0,80,computed,True,False,1.2754074042894779,1.469325030020709,1.219982965177697e-08,0.4334480414958266,1.4036167424392791
77.88291068638392,82.96327767939091,14449,15462,1014,1014,median,2.0,80,computed,True,False,1.275407389642268,1.4693250457864544,9.136452943865141e-08,0.43344751851754837,1.403622167951434
78.38373234514509,83.46409933815208,14549,15562,1014,1014,ellipse,1.0,80,computed,True,False,1.2757838517022537,1.4729272464188103,0.0,0.43099857000761316,1.518816566440073
78.38373234514509,83.46409933815208,14549,15562,1014,1014,ellipse,2.0,80,computed,True,False,1.275783834546133,1.4729272408998846,6.611134589296526e-08,0.4309993819428809,1.518820869138886
78.38373234514509,83.46409933815208,14549,15562,1014,1014,median,1.0,80,computed,True,False,1.2757831671221525,1.472927025230238,2.639127324194453e-06,0.4310309186924133,1.51898771532983
78.38373234514509,83.46409933815208,14549,15562,1014,1014,median,2.0,80,computed,True,False,1.2757831436225116,1.4729270175922882,2.7297718506724076e-06,0.43103203031971576,1.518993598596344
78.88455400390626,83.96492099691325,14649,15662,1014,1014,ellipse,1.0,80,computed,True,False,1.271112756815104,1.4821942169507452,0.0,0.4417571239134131,1.495216229646824
78.88455400390626,83.96492099691325,14649,15662,1014,1014,ellipse,2.0,80,computed,True,False,1.2711127277015608,1.4821942099990062,1.1379698457727511e-07,0.4417574341488521,1.4952213246955142
78.88455400390626,83.96492099691325,14649,15662,1014,1014,median,1.0,80,computed,True,False,1.2711122725183486,1.4821941011539945,1.8931233986965627e-06,0.4417622744673197,1.4953008756988493
78.88455400390626,83.96492099691325,14649,15662,1014,1014,median,2.0,80,computed,True,False,1.271112329140858,1.4821941147094453,1.6717702544201261e-06,0.4417616728197506,1.4952909846251254
79.38537566266741,84.4657426556744,14749,15762,1014,1014,ellipse,1.0,80,computed,True,False,1.2702889260377976,1.476419053319361,0.0,0.4420520968201504,1.5299614256361456
79.38537566266741,84.4657426556744,14749,15762,1014,1014,ellipse,2.0,80,computed,True,False,1.2702889017555898,1.476419043464917,1.0013958002671112e-07,0.4420525361259846,1.5299653643747495
79.38537566266741,84.4657426556744,14749,15762,1014,1014,median,1.0,80,computed,True,False,1.2702891276822657,1.4764191340706994,8.300337888599641e-07,0.4420484423234854,1.5299287017140257
79.38537566266741,84.4657426556744,14749,15762,1014,1014,median,2.0,80,computed,True,False,1.2702890583216977,1.476419106110974,5.442632413098811e-07,0.44204969952387846,1.5299399597901275
79.88619732142857,84.96656431443556,14849,15862,1014,1014,ellipse,1.0,80,computed,True,False,1.271533567297673,1.4665017462342818,0.0,0.44676742575379486,1.2446669241324668
79.88619732142857,84.96656431443556,14849,15862,1014,1014,ellipse,2.0,80,computed,True,False,1.2715334984580713,1.4665017227421753,2.805191061637293e-07,0.44676788460038036,1.2446713487368444
79.88619732142857,84.96656431443556,14849,15862,1014,1014,median,1.0,80,computed,True,False,1.2714573725842702,1.4664796417236203,0.0003059671421911752,0.44708853823057676,1.2496840575811463
79.88619732142857,84.96656431443556,14849,15862,1014,1014,median,2.0,80,computed,True,False,1.2714583343220236,1.4664798758542963,0.00030215345679764115,0.44709764994637946,1.2496185310200831
80.38701898018974,85.46738597319673,14949,15962,1014,1014,ellipse,1.0,80,computed,True,False,1.2834945291646893,1.4723626763914746,0.0,0.4350560225542117,1.1041291169544236
80.38701898018974,85.46738597319673,14949,15962,1014,1014,ellipse,2.0,80,computed,True,False,1.283494516083083,1.472362671130768,5.433719652933251e-08,0.4350562415649873,1.1041296892111578
80.38701898018974,85.46738597319673,14949,15962,1014,1014,median,1.0,80,computed,True,False,1.2834971869411425,1.4723637099456488,1.098965890699114e-05,0.43501223022374214,1.1040130892264624
80.38701898018974,85.46738597319673,14949,15962,1014,1014,median,2.0,80,computed,True,False,1.2834966680679158,1.4723635084981903,8.844629504823865e-06,0.43502077835525854,1.104035755977652
80.88784063895089,85.96820763195788,15049,16062,1014,1014,ellipse,1.0,80,computed,True,False,1.281134794015122,1.476011591032329,0.0,0.43948317022121197,1.150989195070219
80.88784063895089,85.96820763195788,15049,16062,1014,1014,ellipse,2.0,80,computed,True,False,1.281134788482529,1.4760115892108066,2.27518282799681e-08,0.4394832321748455,1.1509893434241674
80.88784063895089,85.96820763195788,15049,16062,1014,1014,median,1.0,80,computed,True,False,1.2811319053172228,1.476010884726063,1.161584736727784e-05,0.43951465004429097,1.1510879977940498
80.88784063895089,85.96820763195788,15049,16062,1014,1014,median,2.0,80,computed,True,False,1.281134595574096,1.4760115353064864,8.051076525907997e-07,0.43948534363470776,1.1509952830505439
81.38866229771206,86.46902929071905,15149,16162,1014,1014,ellipse,1.0,80,computed,True,False,1.287952742358885,1.4758437867992642,0.0,0.43734770758042785,1.0860744220919025
81.38866229771206,86.46902929071905,15149,16162,1014,1014,ellipse,2.0,80,computed,True,False,1.2879527616157318,1.4758437837598943,7.682308885254652e-08,0.4373478006578221,1.0860735592211808
81.38866229771206,86.46902929071905,15149,16162,1014,1014,median,1.0,80,computed,True,False,1.2879513435478323,1.475843896532283,5.529103584777462e-06,0.437339955995554,1.0861332958814098
81.38866229771206,86.46902929071905,15149,16162,1014,1014,median,2.0,80,computed,True,False,1.2879527453540267,1.4758436502108505,5.38371046641038e-07,0.43734651262668006,1.0860695464161607
81.88948395647321,86.9698509494802,15249,16262,1014,1014,ellipse,1.0,80,computed,True,False,1.2879759716326449,1.4767823155091069,0.0,0.45303715820058466,1.1318850739564812
81.88948395647321,86.9698509494802,15249,16262,1014,1014,ellipse,2.0,80,computed,True,False,1.2879774607067545,1.4767812509296538,7.560155680684268e-06,0.4530329729802884,1.1320111051639032
81.88948395647321,86.9698509494802,15249,16262,1014,1014,median,1.0,80,computed,True,False,1.2879763221211729,1.4767820682174388,1.7716106964727695e-06,0.4530360622306097,1.131914981327922
81.88948395647321,86.9698509494802,15249,16262,1014,1014,median,2.0,80,computed,True,False,1.287977427669155,1.4767812748693008,7.391652002532911e-06,0.45303305110575753,1.1320083511443446
82.39030561523437,87.47067260824136,15349,16362,1014,1014,ellipse,1.0,80,computed,True,False,1.2894115706088143,1.4795692343955849,0.0,0.48289066858361573,1.2214438695400263
82.39030561523437,87.47067260824136,15349,16362,1014,1014,ellipse,2.0,80,computed,True,False,1.2894114856234014,1.4795693060995043,4.795352583185351e-07,0.48288784984512917,1.221436699388549
82.39030561523437,87.47067260824136,15349,16362,1014,1014,median,1.0,80,computed,True,False,1.2894121562377063,1.4795687411832694,3.3019591224540775e-06,0.48291011137335477,1.221493415169201
82.39030561523437,87.47067260824136,15349,16362,1014,1014,median,2.0,80,computed,True,False,1.289412026341363,1.4795688491963115,2.5734137084127862e-06,0.4829058088163938,1.221482391832131
