omitted_center_samples,omitted_duration_sec,gap_start_sec,bracket_max_block_shift_R,bracket_max_cv_residual_R,bracket_min_coverage_deg,bracket_min_cv_valid,bracket_bound_count,max_center_error_R,phase_error_p95_deg,phase_error_max_deg
1,0.5008216587611543,65.86319087611608,0.04862401278338768,0.45907110052359157,355.7728204812363,4.0,0,0.016054668053886313,1.7868169693614127,4.165385086657372
1,0.5008216587611543,66.36401253487723,0.09974936650237891,0.4757368562725154,355.9925536800256,4.0,0,0.02512869652651327,2.7541067181729035,5.2975736711118255
1,0.5008216587611543,66.86483419363839,0.04862401278338768,0.4682904392749186,355.7728204812363,4.0,0,0.03665809462407031,4.040423589216351,9.230803996212076
1,0.5008216587611543,67.36565585239956,0.02536908943485919,0.4757368562725154,356.6267598299858,4.0,0,0.021872523143735712,2.1889623820102266,6.806161842632539
1,0.5008216587611543,67.86647751116072,0.03224976207137078,0.4731658158395786,357.0050362123987,4.0,0,0.01852681383153178,1.8408674112050385,9.269096423436496
1,0.5008216587611543,68.36729916992188,0.03458997176165152,0.46585232337328775,356.96576426565736,4.0,0,0.022566092089024083,2.321460607462237,11.246168703371174
1,0.5008216587611543,68.86812082868303,0.03276401242514564,0.4731658158395786,356.0388930847924,4.0,0,0.002827075000484346,0.27044507232329373,1.4680014785613242
1,0.5008216587611543,69.3689424874442,0.044851053679958564,0.46585232337328775,355.8266907386202,4.0,0,0.013178145332552007,1.231673406858046,7.414775656552125
1,0.5008216587611543,69.86976414620536,0.03276401242514564,0.45428917897436244,355.48631572576784,4.0,0,0.0156095492912208,1.5526219438674957,4.824633278346025
1,0.5008216587611543,70.37058580496651,0.048198560971802196,0.4566550015115304,355.49196142602915,4.0,0,0.00891029833953071,0.9630998801238368,3.7209891052091377
1,0.5008216587611543,70.87140746372768,0.02778572942357283,0.45284659852370923,355.48631572576784,4.0,0,0.010390667937608301,1.089082405900055,4.931533615793373
1,0.5008216587611543,71.37222912248885,0.048198560971802196,0.4566550015115304,355.49196142602915,4.0,0,0.006397602123464384,0.5686289509458895,3.243754242891724
1,0.5008216587611543,71.87305078125,0.02200129123807941,0.45015017887408165,356.1537431139376,4.0,0,0.008512835964307172,0.8245705228465727,2.0900055398060253
1,0.5008216587611543,72.37387244001116,0.030177791934396285,0.4332722598457701,356.25837440134995,4.0,0,0.01332899753967649,1.2064089480850428,3.8010719412359903
1,0.5008216587611543,72.87469409877232,0.030510596236035577,0.43586062564043915,357.1152989119649,4.0,0,0.025879378758393544,2.457229463003408,13.771849681760896
1,0.5008216587611543,73.37551575753349,0.030177791934396285,0.44863294270791854,357.1950388652436,4.0,0,0.022360080164444636,1.99727323470797,8.690488406057996
1,0.5008216587611543,73.87633741629465,0.030510596236035577,0.44955004317281794,357.1152989119649,4.0,0,0.0049035152623221855,0.48161387870871464,1.677596407985189
1,0.5008216587611543,74.3771590750558,0.02553817759465482,0.44863294270791854,354.89021055338054,4.0,0,0.009047120187929374,0.886830026496406,4.71710010332263
1,0.5008216587611543,74.87798073381697,0.055723911009560714,0.4802342560251385,357.25216666867095,4.0,0,0.007550434539883416,0.7800158742108697,5.667852206319106
1,0.5008216587611543,75.37880239257812,0.023890029810106773,0.46915856375113774,354.89021055338054,4.0,0,0.012742577436984058,1.194058475623467,3.1036850681997703
1,0.5008216587611543,75.87962405133928,0.055723911009560714,0.48630837188952214,357.3881179675659,4.0,0,0.028665930476220913,2.877060406459172,8.530750002663579
1,0.5008216587611543,76.38044571010045,0.05410690718524489,0.47526501260004284,357.30921738767813,4.0,0,0.01601977262376256,1.686401727501583,11.080674711317915
1,0.5008216587611543,76.88126736886161,0.04340304606028148,0.48630837188952214,357.3881179675659,4.0,0,0.006402683093097612,0.7091525317389424,3.526486267393082
1,0.5008216587611543,77.38208902762277,0.05410690718524489,0.47526501260004284,357.30921738767813,4.0,0,0.004287055581442865,0.4276284801968961,1.6087286033977457
1,0.5008216587611543,77.88291068638392,0.03274033285581033,0.4593390083561562,357.3968738227768,4.0,0,0.007657596850534021,0.812438575294816,1.8514650497948886
1,0.5008216587611543,78.38373234514509,0.0364552607590497,0.45407677219517406,356.8964412681964,4.0,0,0.011661383969931355,1.2429255623033884,5.155552767458199
1,0.5008216587611543,78.88455400390626,0.05535000649280076,0.45572809785048696,357.1632567002929,4.0,0,0.02706680553524725,2.676681588071272,11.694577690159708
1,0.5008216587611543,79.38537566266741,0.03976437380674087,0.47232738793228485,355.94938960048916,4.0,0,0.004176045497109576,0.4062193410175906,1.482344290765266
1,0.5008216587611543,79.88619732142857,0.05535000649280076,0.45572809785048696,356.25148657288617,4.0,0,0.03053444194857185,3.2739383607689883,7.850102262184996
1,0.5008216587611543,80.38701898018974,0.03976437380674087,0.47232738793228485,355.94938960048916,4.0,0,0.0207503680120493,2.355543307246948,4.511370034415812
1,0.5008216587611543,80.88784063895089,0.03496783947276868,0.469913241983005,356.081420466695,4.0,0,0.015478450913586902,1.5931036605655253,7.922372143969881
1,0.5008216587611543,81.38866229771206,0.037336753631954274,0.4755051095302888,356.13079166587937,4.0,0,0.015577515933256101,1.689790865115018,7.1700010597601285
1,0.5008216587611543,81.88948395647321,0.04104792948187427,0.4928765482145179,355.5406922331097,4.0,0,0.005390718754316776,0.5694186042242892,1.7832722371623242
2,1.0016433175223085,65.86319087611608,0.04631345142880924,0.4757368562725154,356.6267598299858,4.0,0,0.030984914364768093,2.8960700295214163,7.180762196796615
2,1.0016433175223085,66.36401253487723,0.09974936650237891,0.47093379986620393,355.9925536800256,4.0,0,0.031178932708687095,2.853118633740191,8.360187384292837
2,1.0016433175223085,66.86483419363839,0.04862401278338768,0.46209666157227497,355.7728204812363,4.0,0,0.04831661177532723,4.464668188168835,14.077870512046111
2,1.0016433175223085,67.36565585239956,0.02596118045779907,0.4757368562725154,356.6267598299858,4.0,0,0.027385442338792528,2.711435087604083,9.853960557686149
2,1.0016433175223085,67.86647751116072,0.03458997176165152,0.4682904392749186,357.0050362123987,4.0,0,0.018115776020636198,1.591690233995647,8.712482066290434
2,1.0016433175223085,68.36729916992188,0.03276401242514564,0.46209666157227497,356.0388930847924,4.0,0,0.02834178886654487,2.413817546306345,14.205662368542223
2,1.0016433175223085,68.86812082868303,0.044851053679958564,0.4731658158395786,355.8266907386202,4.0,0,0.01941873007090587,1.6295345243295476,11.1426257325127
2,1.0016433175223085,69.3689424874442,0.03458997176165152,0.46585232337328775,355.48631572576784,4.0,0,0.015468732809313396,1.4077926186118892,6.814923195334119
2,1.0016433175223085,69.86976414620536,0.048198560971802196,0.4566550015115304,355.49196142602915,4.0,0,0.019072699586633626,1.6446831299262261,7.870842734355979
2,1.0016433175223085,70.37058580496651,0.044851053679958564,0.4510700284727396,355.8266907386202,4.0,0,0.007909645619455013,0.7088867645306417,4.066863325765185
2,1.0016433175223085,70.87140746372768,0.027823057306443147,0.45284659852370923,355.48631572576784,4.0,0,0.011035812057796317,0.9140289023511534,4.136543418447633
2,1.0016433175223085,71.37222912248885,0.048198560971802196,0.4566550015115304,355.49196142602915,4.0,0,0.011679598363799785,1.1006649333412286,4.847491404429744
2,1.0016433175223085,71.87305078125,0.030177791934396285,0.45015017887408165,356.1537431139376,4.0,0,0.019295987496136393,1.5902199669243928,8.778722218789362
2,1.0016433175223085,72.37387244001116,0.030510596236035577,0.43586062564043915,356.25837440134995,4.0,0,0.02771393166827616,2.390166142966988,16.242788580005993
2,1.0016433175223085,72.87469409877232,0.02553817759465482,0.44863294270791854,357.127502486296,4.0,0,0.02021239747716635,1.7269931871960962,11.841872055627848
2,1.0016433175223085,73.37551575753349,0.030177791934396285,0.44955004317281794,357.1950388652436,4.0,0,0.032563502379738665,2.628148522297462,12.9248634627444
2,1.0016433175223085,73.87633741629465,0.030510596236035577,0.4484493428890072,354.89021055338054,4.0,0,0.010158021340500499,0.9251611324521879,6.457141506637144
2,1.0016433175223085,74.3771590750558,0.055723911009560714,0.4802342560251385,357.35860313995653,4.0,0,0.012490816369199286,1.1393305740716066,4.561918690189956
2,1.0016433175223085,74.87798073381697,0.026044242266287224,0.46915856375113774,357.25216666867095,4.0,0,0.018943055801992563,1.6768995077111835,5.639028788217648
2,1.0016433175223085,75.37880239257812,0.04340304606028148,0.48630837188952214,354.89021055338054,4.0,0,0.030477795627700952,2.6594040100576954,11.38062270630851
2,1.0016433175223085,75.87962405133928,0.055723911009560714,0.4802342560251385,357.30921738767813,4.0,0,0.030095186907714306,2.5132018240511282,7.956342244099509
2,1.0016433175223085,76.38044571010045,0.026312845853152782,0.46915856375113774,357.42073286403996,4.0,0,0.01934698558367343,1.7108730047331995,11.889862462667619
2,1.0016433175223085,76.88126736886161,0.04340304606028148,0.48630837188952214,357.3881179675659,4.0,0,0.008532145709241807,0.8275541573452102,6.0976553688815
2,1.0016433175223085,77.38208902762277,0.05410690718524489,0.47526501260004284,357.30921738767813,4.0,0,0.010074897891889794,0.9568500193948251,2.039652359936279
2,1.0016433175223085,77.88291068638392,0.033987792654868766,0.4593390083561562,356.8964412681964,4.0,0,0.013267978185158668,1.1776525951245118,5.950301744610534
2,1.0016433175223085,78.38373234514509,0.05535000649280076,0.45572809785048696,357.1632567002929,4.0,0,0.0286827619622719,2.4207540199211444,12.06908320952656
2,1.0016433175223085,78.88455400390626,0.03976437380674087,0.47232738793228485,355.94938960048916,4.0,0,0.03866105261389172,3.282179359412359,16.350395124231966
2,1.0016433175223085,79.38537566266741,0.033987792654868766,0.45407677219517406,356.25148657288617,4.0,0,0.03824477689940819,3.4463661364566724,9.672472220989226
2,1.0016433175223085,79.88619732142857,0.05535000649280076,0.46097111923350403,356.7958173433693,4.0,0,0.0326137449541579,2.8278014346653353,9.46712106053955
2,1.0016433175223085,80.38701898018974,0.03976437380674087,0.47232738793228485,355.94938960048916,4.0,0,0.021753735040416253,2.027712372395116,7.206935015580344
2,1.0016433175223085,80.88784063895089,0.037336753631954274,0.4755051095302888,356.13079166587937,4.0,0,0.011259421608507528,1.158826664492107,6.017332355405369
2,1.0016433175223085,81.38866229771206,0.04104792948187427,0.4928765482145179,355.5406922331097,4.0,0,0.019344896149369097,1.6810209539200076,9.758694116358031
3,1.5024649762834628,65.86319087611608,0.04631345142880924,0.4682904392749186,356.9030948617746,4.0,0,0.03402535588812005,3.026398902316109,10.628529916393893
3,1.5024649762834628,66.36401253487723,0.09974936650237891,0.47093379986620393,355.9925536800256,4.0,0,0.04647171216457341,3.865763620801018,13.610757283226198
3,1.5024649762834628,66.86483419363839,0.04862401278338768,0.4731658158395786,355.7728204812363,4.0,0,0.04642778183651796,3.938667120895922,12.36717904028185
3,1.5024649762834628,67.36565585239956,0.03458997176165152,0.4757368562725154,356.6267598299858,4.0,0,0.028707716255693006,2.38577986622099,9.554298347170395
3,1.5024649762834628,67.86647751116072,0.03276401242514564,0.4682904392749186,356.0388930847924,4.0,0,0.02475670650683161,1.9338478619968071,11.943198215509497
3,1.5024649762834628,68.36729916992188,0.044851053679958564,0.46209666157227497,355.8266907386202,4.0,0,0.025084148824688908,1.9840560770884224,12.314810508353546
3,1.5024649762834628,68.86812082868303,0.02778572942357283,0.4731658158395786,355.48631572576784,4.0,0,0.020559493168851365,1.7425122166993194,11.54501813522848
3,1.5024649762834628,69.3689424874442,0.048198560971802196,0.46585232337328775,355.49196142602915,4.0,0,0.017610433735392828,1.3887767842881322,5.351742561653212
3,1.5024649762834628,69.86976414620536,0.03276401242514564,0.45428917897436244,356.0388930847924,4.0,0,0.02132965399315614,1.662692641533464,7.261513497004395
3,1.5024649762834628,70.37058580496651,0.044851053679958564,0.4510700284727396,355.8266907386202,4.0,0,0.007598113100847247,0.6368933619508927,2.5851557355930286
3,1.5024649762834628,70.87140746372768,0.02778572942357283,0.45284659852370923,355.48631572576784,4.0,0,0.009490264679013836,0.8001898476718714,3.6709670138297814
3,1.5024649762834628,71.37222912248885,0.048198560971802196,0.4566550015115304,355.49196142602915,4.0,0,0.01987851527032929,1.6948830930795524,10.218726013782158
3,1.5024649762834628,71.87305078125,0.030510596236035577,0.45015017887408165,356.1537431139376,4.0,0,0.0255167738360102,1.9849185127431714,15.026539393435488
3,1.5024649762834628,72.37387244001116,0.027823057306443147,0.44863294270791854,356.25837440134995,4.0,0,0.02218979462318424,1.8507469529709129,14.750253513786912
3,1.5024649762834628,72.87469409877232,0.026044242266287224,0.44955004317281794,357.127502486296,4.0,0,0.02377590882768705,1.8445753683367383,10.478421286033262
3,1.5024649762834628,73.37551575753349,0.030177791934396285,0.4484493428890072,354.89021055338054,4.0,0,0.03353345410804762,2.5242366050065113,12.43606633300019
3,1.5024649762834628,73.87633741629465,0.055723911009560714,0.4802342560251385,357.1152989119649,4.0,0,0.01433425567393408,1.1243609517185462,5.027135614339429
3,1.5024649762834628,74.3771590750558,0.02553817759465482,0.46915856375113774,357.35860313995653,4.0,0,0.027223549322178138,2.3829125720528066,8.80753503069688
3,1.5024649762834628,74.87798073381697,0.04340304606028148,0.48630837188952214,357.25216666867095,4.0,0,0.028939654760432875,2.2270325940437745,9.69347941954063
3,1.5024649762834628,75.37880239257812,0.05410690718524489,0.47526501260004284,354.89021055338054,4.0,0,0.03268179701809605,2.4639552956570565,9.023292605555126
3,1.5024649762834628,75.87962405133928,0.055723911009560714,0.4802342560251385,357.42869672453816,4.0,0,0.030382703233899303,2.2819396104583034,8.08154046923509
3,1.5024649762834628,76.38044571010045,0.0364552607590497,0.46915856375113774,357.42073286403996,4.0,0,0.01930195196851467,1.528970944312977,11.734056503393875
3,1.5024649762834628,76.88126736886161,0.04340304606028148,0.48630837188952214,357.3881179675659,4.0,0,0.008377504092325003,0.7677940724323236,4.6608268717616665
3,1.5024649762834628,77.38208902762277,0.05410690718524489,0.47526501260004284,356.8964412681964,4.0,0,0.01657176588747601,1.5818803630792397,7.320741295646434
3,1.5024649762834628,77.88291068638392,0.05535000649280076,0.4593390083561562,357.1632567002929,4.0,0,0.030298206114752927,2.3171115368080017,13.007715871287333
3,1.5024649762834628,78.38373234514509,0.03976437380674087,0.47232738793228485,355.94938960048916,4.0,0,0.04701426391576557,3.640226704326022,18.886298512766317
3,1.5024649762834628,78.88455400390626,0.03274033285581033,0.4538120981869344,356.25148657288617,4.0,0,0.03619940765485247,3.5034785787001237,16.049623089389378
3,1.5024649762834628,79.38537566266741,0.033987792654868766,0.46097111923350403,356.7958173433693,4.0,0,0.044774308675268895,3.509913922553553,13.390522751052938
3,1.5024649762834628,79.88619732142857,0.05535000649280076,0.469913241983005,356.081420466695,4.0,0,0.03200709113409064,2.4892067049382103,8.462558506911789
3,1.5024649762834628,80.38701898018974,0.03976437380674087,0.4755051095302888,355.94938960048916,4.0,0,0.028072160188588505,2.548688339835785,5.760038240251412
3,1.5024649762834628,80.88784063895089,0.04104792948187427,0.4928765482145179,355.5406922331097,4.0,0,0.013753715625456067,1.0785030650498075,6.3545359231001575
4,2.003286635044617,65.86319087611608,0.04631345142880924,0.46209666157227497,356.9030948617746,4.0,0,0.04806741613857243,3.683424009625978,13.943187746314976
4,2.003286635044617,66.36401253487723,0.09974936650237891,0.4731658158395786,355.9925536800256,4.0,0,0.04394734055758636,3.5244472077186697,11.40435079115111
4,2.003286635044617,66.86483419363839,0.04862401278338768,0.46585232337328775,355.7728204812363,4.0,0,0.053965438271499404,4.547045925528994,18.622553349101114
4,2.003286635044617,67.36565585239956,0.03276401242514564,0.4757368562725154,356.0388930847924,4.0,0,0.029631867000636337,2.4407031938822534,12.567848447028368
4,2.003286635044617,67.86647751116072,0.044851053679958564,0.4682904392749186,355.8266907386202,4.0,0,0.020458479354066327,1.6428194477614984,8.167001784186853
4,2.003286635044617,68.36729916992188,0.02778572942357283,0.46209666157227497,355.48631572576784,4.0,0,0.025727872814252796,1.9121879794962608,12.887756589362224
4,2.003286635044617,68.86812082868303,0.048198560971802196,0.4731658158395786,355.49196142602915,4.0,0,0.017665287153537167,1.4799780929621584,9.79336981902493
4,2.003286635044617,69.3689424874442,0.03458997176165152,0.46585232337328775,356.1537431139376,4.0,0,0.022653484729171707,1.6998553641986185,6.726615388325742
4,2.003286635044617,69.86976414620536,0.03276401242514564,0.45428917897436244,356.0388930847924,4.0,0,0.024225331754092944,1.9043778972565335,8.316917637417989
4,2.003286635044617,70.37058580496651,0.044851053679958564,0.4510700284727396,355.8266907386202,4.0,0,0.011191883612262121,0.8753050964098642,4.075667173846283
4,2.003286635044617,70.87140746372768,0.030177791934396285,0.45284659852370923,355.48631572576784,4.0,0,0.021866063504807468,1.731212540178136,10.670808317534938
4,2.003286635044617,71.37222912248885,0.048198560971802196,0.4566550015115304,355.49196142602915,4.0,0,0.0259551767606091,1.7585788132083757,14.675948839772754
4,2.003286635044617,71.87305078125,0.02553817759465482,0.45015017887408165,356.1537431139376,4.0,0,0.018154942309668593,1.60991952161979,12.153066040570309
4,2.003286635044617,72.37387244001116,0.027823057306443147,0.44955004317281794,356.25837440134995,4.0,0,0.030410020042596513,2.361790384234173,13.242201029720519
4,2.003286635044617,72.87469409877232,0.023890029810106773,0.4484493428890072,354.89021055338054,4.0,0,0.024742971620806152,1.9446514071353753,11.566997991036464
4,2.003286635044617,73.37551575753349,0.055723911009560714,0.4802342560251385,357.1950388652436,4.0,0,0.03349495964434134,2.373470865847795,13.29351022918288
4,2.003286635044617,73.87633741629465,0.030510596236035577,0.46915856375113774,357.1152989119649,4.0,0,0.03127553288567007,2.6139579305140574,9.551756812340466
4,2.003286635044617,74.3771590750558,0.04340304606028148,0.48630837188952214,357.35860313995653,4.0,0,0.02553724651883843,1.854890777407773,9.324534502145726
4,2.003286635044617,74.87798073381697,0.05410690718524489,0.47526501260004284,357.25216666867095,4.0,0,0.03165134268944583,2.19539278299553,8.04858323853747
4,2.003286635044617,75.37880239257812,0.026312845853152782,0.4593390083561562,354.89021055338054,4.0,0,0.0337072521971968,2.353732423819409,9.433713660983686
4,2.003286635044617,75.87962405133928,0.055723911009560714,0.4802342560251385,357.5046005407775,4.0,0,0.03229132531375465,2.251551953948653,8.674086454878726
4,2.003286635044617,76.38044571010045,0.03274033285581033,0.46915856375113774,357.3968738227768,4.0,0,0.02151887099375639,1.6171042920165852,13.744287145463053
4,2.003286635044617,76.88126736886161,0.04340304606028148,0.48630837188952214,356.8964412681964,4.0,0,0.018221905965373215,1.638649439776065,8.179136800416009
4,2.003286635044617,77.38208902762277,0.05535000649280076,0.47526501260004284,357.1632567002929,4.0,0,0.02963910843132238,2.0676892323198306,12.870602523249255
4,2.003286635044617,77.88291068638392,0.03976437380674087,0.47232738793228485,355.94938960048916,4.0,0,0.05313825835570409,3.766271635664353,21.735878620798548
4,2.003286635044617,78.38373234514509,0.0364552607590497,0.4538120981869344,356.25148657288617,4.0,0,0.04347698857040553,3.608092853797716,19.33143034728719
4,2.003286635044617,78.88455400390626,0.03274033285581033,0.46097111923350403,356.7958173433693,4.0,0,0.03594259985494849,3.08302994613281,14.479684921981912
4,2.003286635044617,79.38537566266741,0.03496783947276868,0.469913241983005,356.081420466695,4.0,0,0.046332272792066385,3.411225861210132,12.584461785622635
4,2.003286635044617,79.88619732142857,0.05535000649280076,0.4755051095302888,356.13079166587937,4.0,0,0.03171311306325932,2.438472782961159,10.092367766372796
4,2.003286635044617,80.38701898018974,0.04104792948187427,0.4928765482145179,355.5406922331097,4.0,0,0.030031972338979706,2.7149191485927417,7.498715644421821
5,2.5041082938057713,65.86319087611608,0.04631345142880924,0.4731658158395786,356.9030948617746,4.0,0,0.043659248225492435,3.214995842416151,11.539417767041607
5,2.5041082938057713,66.36401253487723,0.09974936650237891,0.47093379986620393,355.9925536800256,4.0,0,0.056610280339448656,4.510009574433992,18.625739386933944
5,2.5041082938057713,66.86483419363839,0.04862401278338768,0.45907110052359157,355.7728204812363,4.0,0,0.0588114139566376,4.996435173161725,23.994625229969582
5,2.5041082938057713,67.36565585239956,0.044851053679958564,0.4757368562725154,355.8266907386202,4.0,0,0.02886134174001368,2.064652404766824,9.634308884322529
5,2.5041082938057713,67.86647751116072,0.03224976207137078,0.4682904392749186,355.48631572576784,4.0,0,0.018980976002882805,1.443423972275271,8.946218011402202
5,2.5041082938057713,68.36729916992188,0.048198560971802196,0.46209666157227497,355.49196142602915,4.0,0,0.028121245950456626,2.0052499654414047,14.116608980662386
5,2.5041082938057713,68.86812082868303,0.02596118045779907,0.4731658158395786,356.1537431139376,4.0,0,0.02439590891364056,1.9474661023580684,10.988273930658867
5,2.5041082938057713,69.3689424874442,0.03458997176165152,0.46585232337328775,356.25837440134995,4.0,0,0.027114015560421024,2.011339957219003,7.682217621775317
5,2.5041082938057713,69.86976414620536,0.03276401242514564,0.45428917897436244,356.0388930847924,4.0,0,0.02367109930728745,1.7072088970409938,9.080438030405626
5,2.5041082938057713,70.37058580496651,0.044851053679958564,0.4510700284727396,355.8266907386202,4.0,0,0.023252241660447228,1.7614303782719634,11.547262339790775
5,2.5041082938057713,70.87140746372768,0.030510596236035577,0.45284659852370923,355.48631572576784,4.0,0,0.02602206904334399,1.6745526845494676,15.314043421186987
5,2.5041082938057713,71.37222912248885,0.048198560971802196,0.4566550015115304,355.49196142602915,4.0,0,0.016944204594525454,1.4019002700651881,11.232406171355448
5,2.5041082938057713,71.87305078125,0.026044242266287224,0.45015017887408165,356.1537431139376,4.0,0,0.03560490118229763,2.554579978289694,11.468749301035768
5,2.5041082938057713,72.37387244001116,0.027823057306443147,0.4484493428890072,354.89021055338054,4.0,0,0.03459368440724966,2.707337222892459,15.851406296561404
5,2.5041082938057713,72.87469409877232,0.055723911009560714,0.4802342560251385,357.127502486296,4.0,0,0.022913549718389662,1.6966513298890378,11.354803508416998
5,2.5041082938057713,73.37551575753349,0.030177791934396285,0.46915856375113774,357.1950388652436,4.0,0,0.029482435891822333,2.1620603730453833,11.947323511048467
5,2.5041082938057713,73.87633741629465,0.04340304606028148,0.48630837188952214,357.1152989119649,4.0,0,0.02505535930823213,1.8332561186599028,9.858818177669061
5,2.5041082938057713,74.3771590750558,0.05410690718524489,0.47526501260004284,357.30921738767813,4.0,0,0.025717166020366382,1.7733319287529936,8.204485595788384
5,2.5041082938057713,74.87798073381697,0.026312845853152782,0.4593390083561562,357.25216666867095,4.0,0,0.032592944750704636,2.1236854079518173,8.32690880007854
5,2.5041082938057713,75.37880239257812,0.0364552607590497,0.4533904123572755,354.89021055338054,4.0,0,0.037291075938508084,2.366160300225474,10.576566200449415
5,2.5041082938057713,75.87962405133928,0.055723911009560714,0.4802342560251385,357.3968738227768,4.0,0,0.03326435042645497,2.2198181114796864,8.557492878437749
5,2.5041082938057713,76.38044571010045,0.033987792654868766,0.46915856375113774,356.8964412681964,4.0,0,0.019214634361000564,1.6207823311376797,13.158959320925145
5,2.5041082938057713,76.88126736886161,0.05535000649280076,0.48630837188952214,357.1632567002929,4.0,0,0.029374288356184133,1.9153829491047552,12.669810523422594
5,2.5041082938057713,77.38208902762277,0.05410690718524489,0.47526501260004284,355.94938960048916,4.0,0,0.05447554752202861,3.64474101192131,22.61416824734662
5,2.5041082938057713,77.88291068638392,0.026312845853152782,0.4593390083561562,356.25148657288617,4.0,0,0.052585698981750244,4.013334052950318,23.66453178845049
5,2.5041082938057713,78.38373234514509,0.0364552607590497,0.46097111923350403,356.7958173433693,4.0,0,0.03856306802286996,3.064915205458423,17.083694516714107
5,2.5041082938057713,78.88455400390626,0.03496783947276868,0.469913241983005,356.081420466695,4.0,0,0.038747397792542625,3.1984975951597123,15.524583962000028
5,2.5041082938057713,79.38537566266741,0.037336753631954274,0.4755051095302888,356.13079166587937,4.0,0,0.04727394516213767,3.269071488508024,15.21399294103931
5,2.5041082938057713,79.88619732142857,0.05535000649280076,0.4928765482145179,355.5406922331097,4.0,0,0.03318893101249674,2.7146744325892618,13.095870043512225
8,4.006573270089234,65.86319087611608,0.04631345142880924,0.4510700284727396,355.8266907386202,4.0,0,0.06862518764862288,4.910249013376338,26.00216388300419
8,4.006573270089234,66.36401253487723,0.09974936650237891,0.47093379986620393,355.48631572576784,4.0,0,0.07487672813164152,5.45809172596697,25.786445322818064
8,4.006573270089234,66.86483419363839,0.04862401278338768,0.45907110052359157,355.49196142602915,4.0,0,0.06770566019747942,5.224970420531446,28.67711306188526
8,4.006573270089234,67.36565585239956,0.021564942178247355,0.4757368562725154,356.1537431139376,4.0,0,0.03810422449094116,3.0202057492519447,11.316266801298443
8,4.006573270089234,67.86647751116072,0.03224976207137078,0.4682904392749186,356.25837440134995,4.0,0,0.03373505918480481,2.2317398312832157,11.68533515940707
8,4.006573270089234,68.36729916992188,0.02536908943485919,0.46209666157227497,356.96576426565736,4.0,0,0.0353135369396132,2.4588464879452157,14.988791592530106
8,4.006573270089234,68.86812082868303,0.030177791934396285,0.4731658158395786,357.1950388652436,4.0,0,0.026229059571760225,2.0775429990900847,12.716352445626141
8,4.006573270089234,69.3689424874442,0.03458997176165152,0.46585232337328775,357.09035137788993,4.0,0,0.029305770924050838,2.253341754786931,17.26839078613947
8,4.006573270089234,69.86976414620536,0.03276401242514564,0.45428917897436244,356.0388930847924,4.0,0,0.023967883541201697,1.856843923268526,14.980373659138213
8,4.006573270089234,70.37058580496651,0.044851053679958564,0.4510700284727396,355.8266907386202,4.0,0,0.040149395176732564,2.6702773346482407,13.040022275046825
8,4.006573270089234,70.87140746372768,0.02778572942357283,0.45284659852370923,354.89021055338054,4.0,0,0.04771503711823784,3.4076984800724053,17.688387190316185
8,4.006573270089234,71.37222912248885,0.055723911009560714,0.4802342560251385,355.49196142602915,4.0,0,0.041765118112609426,2.702162763075579,14.619023581874163
8,4.006573270089234,71.87305078125,0.023192586684960825,0.46915856375113774,356.1537431139376,4.0,0,0.03137795161266435,2.2494406911027474,14.447746444955843
8,4.006573270089234,72.37387244001116,0.04340304606028148,0.48630837188952214,356.25837440134995,4.0,0,0.036202700697183655,2.806948600229029,18.041660441659783
8,4.006573270089234,72.87469409877232,0.05410690718524489,0.47526501260004284,357.127502486296,4.0,0,0.03117202713475394,1.9564865116892218,11.293545557003679
8,4.006573270089234,73.37551575753349,0.030177791934396285,0.4593390083561562,357.1950388652436,4.0,0,0.03664589057064027,2.5436524440583224,14.513964832536232
8,4.006573270089234,73.87633741629465,0.0364552607590497,0.4533904123572755,357.1152989119649,4.0,0,0.027052373379594923,1.619135304217601,7.153983854227696
8,4.006573270089234,74.3771590750558,0.03274033285581033,0.44863294270791854,357.35860313995653,4.0,0,0.0320364582834548,2.0456392502907628,12.851702710848349
8,4.006573270089234,74.87798073381697,0.033987792654868766,0.45407677219517406,356.8964412681964,4.0,0,0.04921789508271239,3.3654286659058696,12.334412123434063
8,4.006573270089234,75.37880239257812,0.05535000649280076,0.45572809785048696,354.89021055338054,4.0,0,0.03921038061536196,2.516893014765547,12.036243638392664
8,4.006573270089234,75.87962405133928,0.055723911009560714,0.4802342560251385,355.94938960048916,4.0,0,0.05605044023075939,3.384287943572301,23.704468112486698
8,4.006573270089234,76.38044571010045,0.025086511152438998,0.46915856375113774,356.25148657288617,4.0,0,0.0686368642258504,4.8729114783392165,31.539756091407792
8,4.006573270089234,76.88126736886161,0.04340304606028148,0.48630837188952214,356.7958173433693,4.0,0,0.05165383750616026,3.50425969981148,23.159901514619264
8,4.006573270089234,77.38208902762277,0.05410690718524489,0.47526501260004284,356.081420466695,4.0,0,0.06002150347990331,4.338446041173811,27.185356724781457
8,4.006573270089234,77.88291068638392,0.037336753631954274,0.4755051095302888,356.13079166587937,4.0,0,0.051507414166848495,3.381830585894123,23.15800349083525
8,4.006573270089234,78.38373234514509,0.04104792948187427,0.4928765482145179,355.5406922331097,4.0,0,0.03819334397179407,2.645014537418792,16.899616277091432
